SourceRel,Type,SourceResult,LegacyResult,LegacyIdRegistered,TcRefs,MappedTcRefs,CurrentRecipe,Decision
arcane_workbench/alembic.json,thaumcraft:arcane_workbench_shaped,thaumcraft:alembic,thaumcraft:alembic,false,thaumcraft:alembic;thaumcraft:arcane_workbench_shaped;thaumcraft:filter;thaumcraft:greatwood_planks;thaumcraft:plate_brass,thaumcraft:alembic;thaumcraft:arcane_workbench_shaped;thaumcraft:filter;thaumcraft:plank_greatwood;thaumcraft:brass_plate,,defer_until_arcane_serializer_parity
arcane_workbench/arcane_ear.json,thaumcraft:arcane_workbench_shaped,thaumcraft:arcane_ear,thaumcraft:arcane_ear,false,thaumcraft:arcane_ear;thaumcraft:arcane_workbench_shaped;thaumcraft:mechanism_simple;thaumcraft:plate_brass,thaumcraft:arcane_ear;thaumcraft:arcane_workbench_shaped;thaumcraft:mechanism_simple;thaumcraft:brass_plate,,defer_until_arcane_serializer_parity
arcane_workbench/arcane_lamp.json,thaumcraft:arcane_workbench_shaped,thaumcraft:lamp_arcane,thaumcraft:lamp_arcane,false,thaumcraft:amber_block;thaumcraft:arcane_workbench_shaped;thaumcraft:lamp_arcane;thaumcraft:plate_iron,thaumcraft:amber_block;thaumcraft:arcane_workbench_shaped;thaumcraft:lamp_arcane;thaumcraft:iron_plate,,defer_until_arcane_serializer_parity
arcane_workbench/arcane_workbench.json,thaumcraft:arcane_workbench_shaped,thaumcraft:arcane_workbench,thaumcraft:arcane_workbench,true,thaumcraft:arcane_workbench;thaumcraft:arcane_workbench_shaped;thaumcraft:table_wood,thaumcraft:arcane_workbench;thaumcraft:arcane_workbench_shaped;thaumcraft:table_wood,research_bridge/arcane_workbench.json,defer_until_arcane_serializer_parity
arcane_workbench/bellows.json,thaumcraft:arcane_workbench_shaped,thaumcraft:bellows,thaumcraft:bellows,false,thaumcraft:arcane_workbench_shaped;thaumcraft:bellows,thaumcraft:arcane_workbench_shaped;thaumcraft:bellows,,defer_until_arcane_serializer_parity
arcane_workbench/brain_box.json,thaumcraft:arcane_workbench_shaped,thaumcraft:brain_box,thaumcraft:brain_box,false,thaumcraft:arcane_workbench_shaped;thaumcraft:brain_box;thaumcraft:brain_clockwork;thaumcraft:plates/iron,thaumcraft:arcane_workbench_shaped;thaumcraft:brain_box;thaumcraft:brain_clockwork;thaumcraft:plates/iron,,defer_until_arcane_serializer_parity
arcane_workbench/caster_advanced.json,thaumcraft:arcane_workbench_shaped,thaumcraft:caster_advanced,thaumcraft:caster_advanced,false,thaumcraft:arcane_workbench_shaped;thaumcraft:caster_advanced;thaumcraft:caster_basic;thaumcraft:thaumium_ingot;thaumcraft:vis_resonator,thaumcraft:arcane_workbench_shaped;thaumcraft:caster_advanced;thaumcraft:caster_basic;thaumcraft:thaumium_ingot;thaumcraft:vis_resonator,,defer_until_arcane_serializer_parity
arcane_workbench/caster_basic.json,thaumcraft:arcane_workbench_shaped,thaumcraft:caster_basic,thaumcraft:caster_basic,true,thaumcraft:arcane_workbench_shaped;thaumcraft:caster_basic;thaumcraft:thaumometer;thaumcraft:vis_resonator,thaumcraft:arcane_workbench_shaped;thaumcraft:caster_basic;thaumcraft:thaumometer;thaumcraft:vis_resonator,caster_basic.json,defer_until_arcane_serializer_parity
arcane_workbench/centrifuge.json,thaumcraft:arcane_workbench_shaped,thaumcraft:centrifuge,thaumcraft:centrifuge,false,thaumcraft:alchemical_brass_block;thaumcraft:arcane_workbench_shaped;thaumcraft:centrifuge;thaumcraft:mechanism_simple;thaumcraft:morphic_resonator;thaumcraft:tube_normal,thaumcraft:alchemical_brass_block;thaumcraft:arcane_workbench_shaped;thaumcraft:centrifuge;thaumcraft:mechanism_simple;thaumcraft:morphic_resonator;thaumcraft:tube_normal,,defer_until_arcane_serializer_parity
arcane_workbench/condenser.json,thaumcraft:arcane_workbench_shaped,thaumcraft:condenser,thaumcraft:condenser,false,thaumcraft:arcane_workbench_shaped;thaumcraft:condenser;thaumcraft:mechanism_complex;thaumcraft:morphic_resonator;thaumcraft:plate_brass;thaumcraft:tube_normal,thaumcraft:arcane_workbench_shaped;thaumcraft:condenser;thaumcraft:mechanism_complex;thaumcraft:morphic_resonator;thaumcraft:brass_plate;thaumcraft:tube_normal,,defer_until_arcane_serializer_parity
arcane_workbench/condenser_lattice.json,thaumcraft:arcane_workbench_shaped,thaumcraft:condenser_lattice,thaumcraft:condenser_lattice,false,thaumcraft:arcane_workbench_shaped;thaumcraft:condenser_lattice;thaumcraft:filter;thaumcraft:plate_thaumium,thaumcraft:arcane_workbench_shaped;thaumcraft:condenser_lattice;thaumcraft:filter;thaumcraft:thaumium_plate,,defer_until_arcane_serializer_parity
arcane_workbench/crucible.json,thaumcraft:arcane_workbench_shaped,thaumcraft:crucible,thaumcraft:crucible,true,thaumcraft:arcane_workbench_shaped;thaumcraft:crucible,thaumcraft:arcane_workbench_shaped;thaumcraft:crucible,research_bridge/crucible.json,defer_until_arcane_serializer_parity
arcane_workbench/dioptra.json,thaumcraft:arcane_workbench_shaped,thaumcraft:dioptra,thaumcraft:dioptra,false,thaumcraft:arcane_stone;thaumcraft:arcane_workbench_shaped;thaumcraft:dioptra;thaumcraft:plate_iron;thaumcraft:thaumometer;thaumcraft:vis_resonator,thaumcraft:stone_arcane;thaumcraft:arcane_workbench_shaped;thaumcraft:dioptra;thaumcraft:iron_plate;thaumcraft:thaumometer;thaumcraft:vis_resonator,,defer_until_arcane_serializer_parity
arcane_workbench/enchanted_fabric.json,thaumcraft:arcane_workbench_shaped,thaumcraft:enchanted_fabric,thaumcraft:enchanted_fabric,false,thaumcraft:arcane_workbench_shaped;thaumcraft:enchanted_fabric,thaumcraft:arcane_workbench_shaped;thaumcraft:enchanted_fabric,,defer_until_arcane_serializer_parity
arcane_workbench/essentia_transport_input.json,thaumcraft:arcane_workbench_shaped,thaumcraft:essentia_input,thaumcraft:essentia_input,false,thaumcraft:alchemical_brass_block;thaumcraft:arcane_workbench_shaped;thaumcraft:essentia_input;thaumcraft:plates/brass;thaumcraft:plates/iron,thaumcraft:alchemical_brass_block;thaumcraft:arcane_workbench_shaped;thaumcraft:essentia_input;thaumcraft:plates/brass;thaumcraft:plates/iron,,defer_until_arcane_serializer_parity
arcane_workbench/essentia_transport_output.json,thaumcraft:arcane_workbench_shaped,thaumcraft:essentia_output,thaumcraft:essentia_output,false,thaumcraft:alchemical_brass_block;thaumcraft:arcane_workbench_shaped;thaumcraft:essentia_output;thaumcraft:plates/brass;thaumcraft:plates/iron,thaumcraft:alchemical_brass_block;thaumcraft:arcane_workbench_shaped;thaumcraft:essentia_output;thaumcraft:plates/brass;thaumcraft:plates/iron,,defer_until_arcane_serializer_parity
arcane_workbench/filter.json,thaumcraft:arcane_workbench_shaped,thaumcraft:filter,thaumcraft:filter,true,thaumcraft:arcane_workbench_shaped;thaumcraft:filter;thaumcraft:silverwood_planks,thaumcraft:arcane_workbench_shaped;thaumcraft:filter;thaumcraft:plank_silverwood,filter.json,defer_until_arcane_serializer_parity
arcane_workbench/focus_pouch.json,thaumcraft:arcane_workbench_shaped,thaumcraft:focus_pouch,thaumcraft:focus_pouch,false,thaumcraft:arcane_workbench_shaped;thaumcraft:focus_pouch,thaumcraft:arcane_workbench_shaped;thaumcraft:focus_pouch,,defer_until_arcane_serializer_parity
arcane_workbench/goggles.json,thaumcraft:arcane_workbench_shaped,thaumcraft:goggles,thaumcraft:goggles,true,thaumcraft:arcane_workbench_shaped;thaumcraft:goggles;thaumcraft:thaumometer,thaumcraft:arcane_workbench_shaped;thaumcraft:goggles;thaumcraft:thaumometer,goggles.json,defer_until_arcane_serializer_parity
arcane_workbench/grapple_gun_spool.json,thaumcraft:arcane_workbench_shaped,thaumcraft:grapple_gun_spool,thaumcraft:grapple_gun_spool,false,thaumcraft:arcane_workbench_shaped;thaumcraft:grapple_gun_spool;thaumcraft:mechanism_simple,thaumcraft:arcane_workbench_shaped;thaumcraft:grapple_gun_spool;thaumcraft:mechanism_simple,,defer_until_arcane_serializer_parity
arcane_workbench/grapple_gun_tip.json,thaumcraft:arcane_workbench_shaped,thaumcraft:grapple_gun_tip,thaumcraft:grapple_gun_tip,false,thaumcraft:arcane_workbench_shaped;thaumcraft:grapple_gun_tip;thaumcraft:mechanism_simple,thaumcraft:arcane_workbench_shaped;thaumcraft:grapple_gun_tip;thaumcraft:mechanism_simple,,defer_until_arcane_serializer_parity
arcane_workbench/hungry_chest.json,thaumcraft:arcane_workbench_shaped,thaumcraft:hungry_chest,thaumcraft:hungry_chest,false,thaumcraft:arcane_workbench_shaped;thaumcraft:greatwood_planks;thaumcraft:hungry_chest,thaumcraft:arcane_workbench_shaped;thaumcraft:plank_greatwood;thaumcraft:hungry_chest,,defer_until_arcane_serializer_parity
arcane_workbench/infusion_matrix.json,thaumcraft:arcane_workbench_shaped,thaumcraft:infusion_matrix,thaumcraft:infusion_matrix,true,thaumcraft:arcane_stone_brick;thaumcraft:arcane_workbench_shaped;thaumcraft:infusion_matrix;thaumcraft:nitor,thaumcraft:stone_arcane_brick;thaumcraft:arcane_workbench_shaped;thaumcraft:infusion_matrix;thaumcraft:nitor,infusionmatrix.json;research_bridge/infusion_matrix.json,defer_until_arcane_serializer_parity
arcane_workbench/inlay.json,thaumcraft:arcane_workbench_shaped,thaumcraft:inlay,thaumcraft:inlay,false,thaumcraft:arcane_workbench_shaped;thaumcraft:inlay,thaumcraft:arcane_workbench_shaped;thaumcraft:inlay,,defer_until_arcane_serializer_parity
arcane_workbench/jar_void.json,thaumcraft:arcane_workbench_shaped,thaumcraft:jar_void,thaumcraft:jar_void,false,thaumcraft:arcane_workbench_shaped;thaumcraft:jar_normal;thaumcraft:jar_void,thaumcraft:arcane_workbench_shaped;thaumcraft:jar_normal;thaumcraft:jar_void,,defer_until_arcane_serializer_parity
arcane_workbench/levitator.json,thaumcraft:arcane_workbench_shaped,thaumcraft:levitator,thaumcraft:levitator,false,thaumcraft:arcane_workbench_shaped;thaumcraft:levitator;thaumcraft:mechanism_simple;thaumcraft:nitor_yellow;thaumcraft:plate_iron;thaumcraft:plate_thaumium,thaumcraft:arcane_workbench_shaped;thaumcraft:levitator;thaumcraft:mechanism_simple;thaumcraft:nitor_yellow;thaumcraft:iron_plate;thaumcraft:thaumium_plate,,defer_until_arcane_serializer_parity
arcane_workbench/matrix_cost.json,thaumcraft:arcane_workbench_shaped,thaumcraft:matrix_cost,thaumcraft:matrix_cost,false,thaumcraft:alumentum;thaumcraft:arcane_stone;thaumcraft:arcane_workbench_shaped;thaumcraft:matrix_cost,thaumcraft:alumentum;thaumcraft:stone_arcane;thaumcraft:arcane_workbench_shaped;thaumcraft:matrix_cost,,defer_until_arcane_serializer_parity
arcane_workbench/matrix_speed.json,thaumcraft:arcane_workbench_shaped,thaumcraft:matrix_speed,thaumcraft:matrix_speed,false,thaumcraft:arcane_stone;thaumcraft:arcane_workbench_shaped;thaumcraft:matrix_speed;thaumcraft:nitor,thaumcraft:stone_arcane;thaumcraft:arcane_workbench_shaped;thaumcraft:matrix_speed;thaumcraft:nitor,,defer_until_arcane_serializer_parity
arcane_workbench/mechanism_complex.json,thaumcraft:arcane_workbench_shaped,thaumcraft:mechanism_complex,thaumcraft:mechanism_complex,true,thaumcraft:arcane_workbench_shaped;thaumcraft:mechanism_complex;thaumcraft:mechanism_simple;thaumcraft:plate_thaumium,thaumcraft:arcane_workbench_shaped;thaumcraft:mechanism_complex;thaumcraft:mechanism_simple;thaumcraft:thaumium_plate,mechanism_complex.json,defer_until_arcane_serializer_parity
arcane_workbench/mechanism_simple.json,thaumcraft:arcane_workbench_shaped,thaumcraft:mechanism_simple,thaumcraft:mechanism_simple,true,thaumcraft:arcane_workbench_shaped;thaumcraft:mechanism_simple;thaumcraft:plate_brass;thaumcraft:plate_iron,thaumcraft:arcane_workbench_shaped;thaumcraft:mechanism_simple;thaumcraft:brass_plate;thaumcraft:iron_plate,mechanism_simple.json,defer_until_arcane_serializer_parity
arcane_workbench/metal_alchemical.json,thaumcraft:arcane_workbench_shaped,thaumcraft:alchemical_brass_block,thaumcraft:alchemical_brass_block,false,thaumcraft:alchemical_brass_block;thaumcraft:arcane_workbench_shaped;thaumcraft:greatwood_planks;thaumcraft:plate_iron;thaumcraft:tube_normal;thaumcraft:tube_valve,thaumcraft:alchemical_brass_block;thaumcraft:arcane_workbench_shaped;thaumcraft:plank_greatwood;thaumcraft:iron_plate;thaumcraft:tube_normal;thaumcraft:tube_valve,,defer_until_arcane_serializer_parity
arcane_workbench/metal_alchemical_advanced.json,thaumcraft:arcane_workbench_shaped,thaumcraft:alchemical_brass_advanced_block,thaumcraft:alchemical_brass_advanced_block,false,thaumcraft:alchemical_brass_advanced_block;thaumcraft:alchemical_brass_block;thaumcraft:arcane_workbench_shaped;thaumcraft:plate_void;thaumcraft:primordial_pearl,thaumcraft:alchemical_brass_advanced_block;thaumcraft:alchemical_brass_block;thaumcraft:arcane_workbench_shaped;thaumcraft:void_plate;thaumcraft:primordial_pearl,,defer_until_arcane_serializer_parity
arcane_workbench/mind_clockwork.json,thaumcraft:arcane_workbench_shaped,thaumcraft:brain_clockwork,thaumcraft:brain_clockwork,false,thaumcraft:arcane_workbench_shaped;thaumcraft:brain_clockwork;thaumcraft:mechanism_simple;thaumcraft:plates/brass,thaumcraft:arcane_workbench_shaped;thaumcraft:brain_clockwork;thaumcraft:mechanism_simple;thaumcraft:plates/brass,,defer_until_arcane_serializer_parity
arcane_workbench/mirrored_glass.json,thaumcraft:arcane_workbench_shapeless,thaumcraft:mirrored_glass,thaumcraft:mirrored_glass,true,thaumcraft:arcane_workbench_shapeless;thaumcraft:mirrored_glass;thaumcraft:quicksilver,thaumcraft:arcane_workbench_shapeless;thaumcraft:mirrored_glass;thaumcraft:quicksilver,mirrorglass.json,defer_until_arcane_serializer_parity
arcane_workbench/morphic_resonator.json,thaumcraft:arcane_workbench_shaped,thaumcraft:morphic_resonator,thaumcraft:morphic_resonator,true,thaumcraft:arcane_workbench_shaped;thaumcraft:morphic_resonator;thaumcraft:plate_brass;thaumcraft:quicksilver,thaumcraft:arcane_workbench_shaped;thaumcraft:morphic_resonator;thaumcraft:brass_plate;thaumcraft:quicksilver,morphicresonator.json,defer_until_arcane_serializer_parity
arcane_workbench/pattern_crafter.json,thaumcraft:arcane_workbench_shaped,thaumcraft:pattern_crafter,thaumcraft:pattern_crafter,false,thaumcraft:arcane_workbench_shaped;thaumcraft:greatwood_planks;thaumcraft:mechanism_simple;thaumcraft:pattern_crafter;thaumcraft:vis_resonator,thaumcraft:arcane_workbench_shaped;thaumcraft:plank_greatwood;thaumcraft:mechanism_simple;thaumcraft:pattern_crafter;thaumcraft:vis_resonator,,defer_until_arcane_serializer_parity
arcane_workbench/paving_barrier.json,thaumcraft:arcane_workbench_shaped,thaumcraft:paving_stone_barrier,thaumcraft:paving_stone_barrier,false,thaumcraft:arcane_stone_brick;thaumcraft:arcane_workbench_shaped;thaumcraft:paving_stone_barrier,thaumcraft:stone_arcane_brick;thaumcraft:arcane_workbench_shaped;thaumcraft:paving_stone_barrier,,defer_until_arcane_serializer_parity
arcane_workbench/paving_travel.json,thaumcraft:arcane_workbench_shaped,thaumcraft:paving_stone_travel,thaumcraft:paving_stone_travel,false,thaumcraft:arcane_stone_brick;thaumcraft:arcane_workbench_shaped;thaumcraft:paving_stone_travel,thaumcraft:stone_arcane_brick;thaumcraft:arcane_workbench_shaped;thaumcraft:paving_stone_travel,,defer_until_arcane_serializer_parity
arcane_workbench/pedestal_ancient.json,thaumcraft:arcane_workbench_shaped,thaumcraft:pedestal_ancient,thaumcraft:pedestal_ancient,false,thaumcraft:ancient_stone;thaumcraft:ancient_stone_slab;thaumcraft:arcane_workbench_shaped;thaumcraft:pedestal_ancient,thaumcraft:stone_ancient;thaumcraft:slab_ancient;thaumcraft:arcane_workbench_shaped;thaumcraft:pedestal_ancient,,defer_until_arcane_serializer_parity
arcane_workbench/pedestal_arcane.json,thaumcraft:arcane_workbench_shaped,thaumcraft:pedestal_arcane,thaumcraft:pedestal_arcane,false,thaumcraft:arcane_stone;thaumcraft:arcane_stone_slab;thaumcraft:arcane_workbench_shaped;thaumcraft:pedestal_arcane,thaumcraft:stone_arcane;thaumcraft:slab_arcane_stone;thaumcraft:arcane_workbench_shaped;thaumcraft:pedestal_arcane,,defer_until_arcane_serializer_parity
arcane_workbench/pedestal_eldritch.json,thaumcraft:arcane_workbench_shaped,thaumcraft:pedestal_eldritch,thaumcraft:pedestal_eldritch,false,thaumcraft:arcane_workbench_shaped;thaumcraft:eldritch_stone_tile;thaumcraft:pedestal_eldritch,thaumcraft:arcane_workbench_shaped;thaumcraft:eldritch_stone_tile;thaumcraft:pedestal_eldritch,,defer_until_arcane_serializer_parity
arcane_workbench/potion_sprayer.json,thaumcraft:arcane_workbench_shaped,thaumcraft:potion_sprayer,thaumcraft:potion_sprayer,false,thaumcraft:alchemical_brass_block;thaumcraft:arcane_workbench_shaped;thaumcraft:plates/brass;thaumcraft:plates/iron;thaumcraft:potion_sprayer,thaumcraft:alchemical_brass_block;thaumcraft:arcane_workbench_shaped;thaumcraft:plates/brass;thaumcraft:plates/iron;thaumcraft:potion_sprayer,,defer_until_arcane_serializer_parity
arcane_workbench/primal_charm.json,thaumcraft:arcane_workbench_shaped,thaumcraft:primal_charm,thaumcraft:primal_charm,false,thaumcraft:amber;thaumcraft:arcane_workbench_shaped;thaumcraft:balanced_shard;thaumcraft:primal_charm,thaumcraft:amber;thaumcraft:arcane_workbench_shaped;thaumcraft:balanced_shard;thaumcraft:primal_charm,,defer_until_arcane_serializer_parity
arcane_workbench/recharge_pedestal.json,thaumcraft:arcane_workbench_shaped,thaumcraft:recharge_pedestal,thaumcraft:recharge_pedestal,false,thaumcraft:arcane_workbench_shaped;thaumcraft:recharge_pedestal;thaumcraft:vis_resonator,thaumcraft:arcane_workbench_shaped;thaumcraft:recharge_pedestal;thaumcraft:vis_resonator,,defer_until_arcane_serializer_parity
arcane_workbench/redstone_relay.json,thaumcraft:arcane_workbench_shaped,thaumcraft:redstone_relay,thaumcraft:redstone_relay,false,thaumcraft:arcane_workbench_shaped;thaumcraft:mechanism_simple;thaumcraft:redstone_relay,thaumcraft:arcane_workbench_shaped;thaumcraft:mechanism_simple;thaumcraft:redstone_relay,,defer_until_arcane_serializer_parity
arcane_workbench/research_table.json,thaumcraft:arcane_workbench_shaped,thaumcraft:research_table,thaumcraft:research_table,true,thaumcraft:arcane_workbench_shaped;thaumcraft:research_table,thaumcraft:arcane_workbench_shaped;thaumcraft:research_table,research_bridge/research_table.json,defer_until_arcane_serializer_parity
arcane_workbench/resonator.json,thaumcraft:arcane_workbench_shaped,thaumcraft:resonator,thaumcraft:resonator,false,thaumcraft:arcane_workbench_shaped;thaumcraft:plate_iron;thaumcraft:resonator,thaumcraft:arcane_workbench_shaped;thaumcraft:iron_plate;thaumcraft:resonator,,defer_until_arcane_serializer_parity
arcane_workbench/robe_boots.json,thaumcraft:arcane_workbench_shaped,thaumcraft:cloth_boots,thaumcraft:cloth_boots,false,thaumcraft:arcane_workbench_shaped;thaumcraft:cloth_boots;thaumcraft:enchanted_fabric,thaumcraft:arcane_workbench_shaped;thaumcraft:cloth_boots;thaumcraft:enchanted_fabric,,defer_until_arcane_serializer_parity
arcane_workbench/robe_chest.json,thaumcraft:arcane_workbench_shaped,thaumcraft:cloth_chest,thaumcraft:cloth_chest,false,thaumcraft:arcane_workbench_shaped;thaumcraft:cloth_chest;thaumcraft:enchanted_fabric,thaumcraft:arcane_workbench_shaped;thaumcraft:cloth_chest;thaumcraft:enchanted_fabric,,defer_until_arcane_serializer_parity
arcane_workbench/robe_legs.json,thaumcraft:arcane_workbench_shaped,thaumcraft:cloth_legs,thaumcraft:cloth_legs,false,thaumcraft:arcane_workbench_shaped;thaumcraft:cloth_legs;thaumcraft:enchanted_fabric,thaumcraft:arcane_workbench_shaped;thaumcraft:cloth_legs;thaumcraft:enchanted_fabric,,defer_until_arcane_serializer_parity
arcane_workbench/sanity_checker.json,thaumcraft:arcane_workbench_shaped,thaumcraft:sanity_checker,thaumcraft:sanity_checker,false,thaumcraft:arcane_workbench_shaped;thaumcraft:mirrored_glass;thaumcraft:nuggets/brass;thaumcraft:sanity_checker;thaumcraft:zombie_brain,thaumcraft:arcane_workbench_shaped;thaumcraft:mirrored_glass;thaumcraft:nuggets/brass;thaumcraft:sanity_checker;thaumcraft:zombie_brain,,defer_until_arcane_serializer_parity
arcane_workbench/scribing_tools.json,thaumcraft:arcane_workbench_shaped,thaumcraft:scribing_tools,thaumcraft:scribing_tools,true,thaumcraft:arcane_workbench_shaped;thaumcraft:scribing_tools;thaumcraft:shard_order,thaumcraft:arcane_workbench_shaped;thaumcraft:scribing_tools;thaumcraft:shard_order,scribingtoolscraft2.json;scribingtoolsrefill.json;research_bridge/scribing_tools.json,defer_until_arcane_serializer_parity
arcane_workbench/seal_blank.json,thaumcraft:arcane_workbench_shapeless,thaumcraft:blank_seal,thaumcraft:blank_seal,false,thaumcraft:arcane_workbench_shapeless;thaumcraft:blank_seal;thaumcraft:nitor;thaumcraft:tallow,thaumcraft:arcane_workbench_shapeless;thaumcraft:blank_seal;thaumcraft:nitor;thaumcraft:tallow,,defer_until_arcane_serializer_parity
arcane_workbench/smelter_aux.json,thaumcraft:arcane_workbench_shaped,thaumcraft:smelter_aux,thaumcraft:smelter_aux,false,thaumcraft:alchemical_brass_block;thaumcraft:arcane_workbench_shaped;thaumcraft:bellows;thaumcraft:greatwood_planks;thaumcraft:plate_brass;thaumcraft:plate_iron;thaumcraft:smelter_aux;thaumcraft:tube_filter,thaumcraft:alchemical_brass_block;thaumcraft:arcane_workbench_shaped;thaumcraft:bellows;thaumcraft:plank_greatwood;thaumcraft:brass_plate;thaumcraft:iron_plate;thaumcraft:smelter_aux;thaumcraft:tube_filter,,defer_until_arcane_serializer_parity
arcane_workbench/smelter_basic.json,thaumcraft:arcane_workbench_shaped,thaumcraft:smelter,thaumcraft:smelter,false,thaumcraft:arcane_workbench_shaped;thaumcraft:crucible;thaumcraft:plate_brass;thaumcraft:smelter,thaumcraft:arcane_workbench_shaped;thaumcraft:crucible;thaumcraft:brass_plate;thaumcraft:smelter,,defer_until_arcane_serializer_parity
arcane_workbench/smelter_thaumium.json,thaumcraft:arcane_workbench_shaped,thaumcraft:smelter_thaumium,thaumcraft:smelter_thaumium,false,thaumcraft:alchemical_brass_block;thaumcraft:arcane_workbench_shaped;thaumcraft:plate_brass;thaumcraft:plate_thaumium;thaumcraft:smelter;thaumcraft:smelter_thaumium,thaumcraft:alchemical_brass_block;thaumcraft:arcane_workbench_shaped;thaumcraft:brass_plate;thaumcraft:thaumium_plate;thaumcraft:smelter;thaumcraft:smelter_thaumium,,defer_until_arcane_serializer_parity
arcane_workbench/smelter_vent.json,thaumcraft:arcane_workbench_shaped,thaumcraft:smelter_vent,thaumcraft:smelter_vent,false,thaumcraft:alchemical_brass_block;thaumcraft:arcane_workbench_shaped;thaumcraft:filter;thaumcraft:plate_brass;thaumcraft:plate_iron;thaumcraft:smelter_vent,thaumcraft:alchemical_brass_block;thaumcraft:arcane_workbench_shaped;thaumcraft:filter;thaumcraft:brass_plate;thaumcraft:iron_plate;thaumcraft:smelter_vent,,defer_until_arcane_serializer_parity
arcane_workbench/smelter_void.json,thaumcraft:arcane_workbench_shaped,thaumcraft:smelter_void,thaumcraft:smelter_void,false,thaumcraft:alchemical_brass_advanced_block;thaumcraft:arcane_workbench_shaped;thaumcraft:plate_brass;thaumcraft:plate_void;thaumcraft:smelter;thaumcraft:smelter_void,thaumcraft:alchemical_brass_advanced_block;thaumcraft:arcane_workbench_shaped;thaumcraft:brass_plate;thaumcraft:void_plate;thaumcraft:smelter;thaumcraft:smelter_void,,defer_until_arcane_serializer_parity
arcane_workbench/spa.json,thaumcraft:arcane_workbench_shaped,thaumcraft:spa,thaumcraft:spa,false,thaumcraft:arcane_stone;thaumcraft:arcane_workbench_shaped;thaumcraft:jar_normal;thaumcraft:mechanism_simple;thaumcraft:spa,thaumcraft:stone_arcane;thaumcraft:arcane_workbench_shaped;thaumcraft:jar_normal;thaumcraft:mechanism_simple;thaumcraft:spa,,defer_until_arcane_serializer_parity
arcane_workbench/stabilizer.json,thaumcraft:arcane_workbench_shaped,thaumcraft:stabilizer,thaumcraft:stabilizer,false,thaumcraft:arcane_stone;thaumcraft:arcane_stone_slab;thaumcraft:arcane_workbench_shaped;thaumcraft:inlay;thaumcraft:mechanism_complex;thaumcraft:stabilizer;thaumcraft:vis_resonator,thaumcraft:stone_arcane;thaumcraft:slab_arcane_stone;thaumcraft:arcane_workbench_shaped;thaumcraft:inlay;thaumcraft:mechanism_complex;thaumcraft:stabilizer;thaumcraft:vis_resonator,,defer_until_arcane_serializer_parity
arcane_workbench/thaumium_axe.json,thaumcraft:arcane_workbench_shaped,thaumcraft:thaumium_axe,thaumcraft:thaumium_axe,true,thaumcraft:arcane_workbench_shaped;thaumcraft:thaumium_axe;thaumcraft:thaumium_ingot,thaumcraft:arcane_workbench_shaped;thaumcraft:thaumium_axe;thaumcraft:thaumium_ingot,thaumium_axe.json,defer_until_arcane_serializer_parity
arcane_workbench/thaumium_hoe.json,thaumcraft:arcane_workbench_shaped,thaumcraft:thaumium_hoe,thaumcraft:thaumium_hoe,true,thaumcraft:arcane_workbench_shaped;thaumcraft:thaumium_hoe;thaumcraft:thaumium_ingot,thaumcraft:arcane_workbench_shaped;thaumcraft:thaumium_hoe;thaumcraft:thaumium_ingot,thaumium_hoe.json,defer_until_arcane_serializer_parity
arcane_workbench/thaumium_pick.json,thaumcraft:arcane_workbench_shaped,thaumcraft:thaumium_pick,thaumcraft:thaumium_pick,true,thaumcraft:arcane_workbench_shaped;thaumcraft:thaumium_ingot;thaumcraft:thaumium_pick,thaumcraft:arcane_workbench_shaped;thaumcraft:thaumium_ingot;thaumcraft:thaumium_pick,thaumium_pick.json,defer_until_arcane_serializer_parity
arcane_workbench/thaumium_shovel.json,thaumcraft:arcane_workbench_shaped,thaumcraft:thaumium_shovel,thaumcraft:thaumium_shovel,true,thaumcraft:arcane_workbench_shaped;thaumcraft:thaumium_ingot;thaumcraft:thaumium_shovel,thaumcraft:arcane_workbench_shaped;thaumcraft:thaumium_ingot;thaumcraft:thaumium_shovel,thaumium_shovel.json,defer_until_arcane_serializer_parity
arcane_workbench/thaumium_sword.json,thaumcraft:arcane_workbench_shaped,thaumcraft:thaumium_sword,thaumcraft:thaumium_sword,true,thaumcraft:arcane_workbench_shaped;thaumcraft:thaumium_ingot;thaumcraft:thaumium_sword,thaumcraft:arcane_workbench_shaped;thaumcraft:thaumium_ingot;thaumcraft:thaumium_sword,thaumium_sword.json,defer_until_arcane_serializer_parity
arcane_workbench/thaumometer.json,thaumcraft:arcane_workbench_shaped,thaumcraft:thaumometer,thaumcraft:thaumometer,true,thaumcraft:arcane_workbench_shaped;thaumcraft:thaumometer,thaumcraft:arcane_workbench_shaped;thaumcraft:thaumometer,thaumometer.json,defer_until_arcane_serializer_parity
arcane_workbench/tube.json,thaumcraft:arcane_workbench_shaped,thaumcraft:tube_normal,thaumcraft:tube_normal,false,thaumcraft:arcane_workbench_shaped;thaumcraft:brass_nugget;thaumcraft:plate_iron;thaumcraft:quicksilver;thaumcraft:tube_normal,thaumcraft:arcane_workbench_shaped;thaumcraft:brass_nugget;thaumcraft:iron_plate;thaumcraft:quicksilver;thaumcraft:tube_normal,,defer_until_arcane_serializer_parity
arcane_workbench/tube_buffer.json,thaumcraft:arcane_workbench_shaped,thaumcraft:tube_buffer,thaumcraft:tube_buffer,false,thaumcraft:arcane_workbench_shaped;thaumcraft:phial_empty;thaumcraft:plate_iron;thaumcraft:tube_buffer;thaumcraft:tube_normal;thaumcraft:tube_restricted;thaumcraft:tube_valve,thaumcraft:arcane_workbench_shaped;thaumcraft:phial_empty;thaumcraft:iron_plate;thaumcraft:tube_buffer;thaumcraft:tube_normal;thaumcraft:tube_restricted;thaumcraft:tube_valve,,defer_until_arcane_serializer_parity
arcane_workbench/tube_filter.json,thaumcraft:arcane_workbench_shapeless,thaumcraft:tube_filter,thaumcraft:tube_filter,false,thaumcraft:arcane_workbench_shapeless;thaumcraft:filter;thaumcraft:tube_filter;thaumcraft:tube_normal,thaumcraft:arcane_workbench_shapeless;thaumcraft:filter;thaumcraft:tube_filter;thaumcraft:tube_normal,,defer_until_arcane_serializer_parity
arcane_workbench/tube_oneway.json,thaumcraft:arcane_workbench_shapeless,thaumcraft:tube_oneway,thaumcraft:tube_oneway,false,thaumcraft:arcane_workbench_shapeless;thaumcraft:tube_normal;thaumcraft:tube_oneway,thaumcraft:arcane_workbench_shapeless;thaumcraft:tube_normal;thaumcraft:tube_oneway,,defer_until_arcane_serializer_parity
arcane_workbench/tube_restrict.json,thaumcraft:arcane_workbench_shapeless,thaumcraft:tube_restricted,thaumcraft:tube_restricted,false,thaumcraft:arcane_workbench_shapeless;thaumcraft:tube_normal;thaumcraft:tube_restricted,thaumcraft:arcane_workbench_shapeless;thaumcraft:tube_normal;thaumcraft:tube_restricted,,defer_until_arcane_serializer_parity
arcane_workbench/tube_valve.json,thaumcraft:arcane_workbench_shapeless,thaumcraft:tube_valve,thaumcraft:tube_valve,false,thaumcraft:arcane_workbench_shapeless;thaumcraft:tube_normal;thaumcraft:tube_valve,thaumcraft:arcane_workbench_shapeless;thaumcraft:tube_normal;thaumcraft:tube_valve,,defer_until_arcane_serializer_parity
arcane_workbench/turret_crossbow.json,thaumcraft:arcane_workbench_shaped,thaumcraft:turret_placer_basic,thaumcraft:turret_placer_basic,false,thaumcraft:arcane_workbench_shaped;thaumcraft:brain_clockwork;thaumcraft:greatwood_planks;thaumcraft:mechanism_simple;thaumcraft:plates/iron;thaumcraft:turret_placer_basic,thaumcraft:arcane_workbench_shaped;thaumcraft:brain_clockwork;thaumcraft:plank_greatwood;thaumcraft:mechanism_simple;thaumcraft:plates/iron;thaumcraft:turret_placer_basic,,defer_until_arcane_serializer_parity
arcane_workbench/turret_crossbow_advanced.json,thaumcraft:arcane_workbench_shaped,thaumcraft:turret_placer_advanced,thaumcraft:turret_placer_advanced,false,thaumcraft:arcane_workbench_shaped;thaumcraft:brain_curious;thaumcraft:plates/iron;thaumcraft:turret_placer_advanced;thaumcraft:turret_placer_basic,thaumcraft:arcane_workbench_shaped;thaumcraft:brain_curious;thaumcraft:plates/iron;thaumcraft:turret_placer_advanced;thaumcraft:turret_placer_basic,,defer_until_arcane_serializer_parity
arcane_workbench/vis_battery.json,thaumcraft:arcane_workbench_shaped,thaumcraft:vis_battery,thaumcraft:vis_battery,false,thaumcraft:arcane_stone_slab;thaumcraft:arcane_workbench_shaped;thaumcraft:vis_battery;thaumcraft:vis_resonator,thaumcraft:slab_arcane_stone;thaumcraft:arcane_workbench_shaped;thaumcraft:vis_battery;thaumcraft:vis_resonator,,defer_until_arcane_serializer_parity
arcane_workbench/vis_generator.json,thaumcraft:arcane_workbench_shaped,thaumcraft:vis_generator,thaumcraft:vis_generator,false,thaumcraft:arcane_workbench_shaped;thaumcraft:quicksilver;thaumcraft:vis_generator;thaumcraft:vis_resonator,thaumcraft:arcane_workbench_shaped;thaumcraft:quicksilver;thaumcraft:vis_generator;thaumcraft:vis_resonator,,defer_until_arcane_serializer_parity
arcane_workbench/vis_resonator.json,thaumcraft:arcane_workbench_shapeless,thaumcraft:vis_resonator,thaumcraft:vis_resonator,true,thaumcraft:arcane_workbench_shapeless;thaumcraft:plate_iron;thaumcraft:vis_resonator,thaumcraft:arcane_workbench_shapeless;thaumcraft:iron_plate;thaumcraft:vis_resonator,vis_resonator.json,defer_until_arcane_serializer_parity
arcane_workbench/warded_jar.json,thaumcraft:arcane_workbench_shaped,thaumcraft:jar_normal,thaumcraft:jar_normal,false,thaumcraft:arcane_workbench_shaped;thaumcraft:jar_normal,thaumcraft:arcane_workbench_shaped;thaumcraft:jar_normal,,defer_until_arcane_serializer_parity
arcane_workbench/workbench_charger.json,thaumcraft:arcane_workbench_shaped,thaumcraft:arcane_workbench_charger,thaumcraft:arcane_workbench_charger,true,thaumcraft:arcane_workbench_charger;thaumcraft:arcane_workbench_shaped;thaumcraft:greatwood_planks;thaumcraft:vis_resonator,thaumcraft:arcane_workbench_charger;thaumcraft:arcane_workbench_shaped;thaumcraft:plank_greatwood;thaumcraft:vis_resonator,workbenchcharger.json,defer_until_arcane_serializer_parity
crafting/amber_block.json,minecraft:crafting_shaped,thaumcraft:amber_block,thaumcraft:amber_block,true,thaumcraft:amber;thaumcraft:amber_block,thaumcraft:amber;thaumcraft:amber_block,amber_block.json;amber_block_from_bricks.json,already_present_or_imported
crafting/amber_block_from_brick.json,minecraft:crafting_shaped,thaumcraft:amber_block,thaumcraft:amber_block,true,thaumcraft:amber_block;thaumcraft:amber_brick,thaumcraft:amber_block;thaumcraft:amber_brick,amber_block.json;amber_block_from_bricks.json,already_present_or_imported
crafting/amber_brick.json,minecraft:crafting_shaped,thaumcraft:amber_brick,thaumcraft:amber_brick,true,thaumcraft:amber_block;thaumcraft:amber_brick,thaumcraft:amber_block;thaumcraft:amber_brick,amber_brick.json,already_present_or_imported
crafting/amber_from_block.json,minecraft:crafting_shapeless,thaumcraft:amber,thaumcraft:amber,true,thaumcraft:amber;thaumcraft:amber_block,thaumcraft:amber;thaumcraft:amber_block,amber_from_block.json;ore_amber_smelting.json,already_present_or_imported
crafting/ancient_stone_slab.json,minecraft:crafting_shaped,thaumcraft:ancient_stone_slab,thaumcraft:slab_ancient,true,thaumcraft:ancient_stone;thaumcraft:ancient_stone_slab,thaumcraft:stone_ancient;thaumcraft:slab_ancient,slab_ancient.json,already_present_or_imported
crafting/ancient_stone_stairs.json,minecraft:crafting_shaped,thaumcraft:ancient_stone_stairs,thaumcraft:stairs_ancient,true,thaumcraft:ancient_stone;thaumcraft:ancient_stone_stairs,thaumcraft:stone_ancient;thaumcraft:stairs_ancient,stairs_ancient.json,already_present_or_imported
crafting/arcane_stone.json,minecraft:crafting_shaped,thaumcraft:arcane_stone,thaumcraft:stone_arcane,true,thaumcraft:arcane_stone;thaumcraft:crystal_essence,thaumcraft:stone_arcane;thaumcraft:crystal_essence,research_bridge/stone_arcane.json,defer_unregistered_or_unmapped
crafting/arcane_stone_brick.json,minecraft:crafting_shaped,thaumcraft:arcane_stone_brick,thaumcraft:stone_arcane_brick,true,thaumcraft:arcane_stone;thaumcraft:arcane_stone_brick,thaumcraft:stone_arcane;thaumcraft:stone_arcane_brick,stone_arcane_brick.json,already_present_or_imported
crafting/arcane_stone_brick_slab.json,minecraft:crafting_shaped,thaumcraft:arcane_stone_brick_slab,thaumcraft:slab_arcane_brick,true,thaumcraft:arcane_stone_brick;thaumcraft:arcane_stone_brick_slab,thaumcraft:stone_arcane_brick;thaumcraft:slab_arcane_brick,slab_arcane_brick.json,already_present_or_imported
crafting/arcane_stone_brick_stairs.json,minecraft:crafting_shaped,thaumcraft:arcane_stone_brick_stairs,thaumcraft:stairs_arcane_brick,true,thaumcraft:arcane_stone_brick;thaumcraft:arcane_stone_brick_stairs,thaumcraft:stone_arcane_brick;thaumcraft:stairs_arcane_brick,stairs_arcane_brick.json,already_present_or_imported
crafting/arcane_stone_slab.json,minecraft:crafting_shaped,thaumcraft:arcane_stone_slab,thaumcraft:slab_arcane_stone,true,thaumcraft:arcane_stone;thaumcraft:arcane_stone_slab,thaumcraft:stone_arcane;thaumcraft:slab_arcane_stone,slab_arcane_stone.json,already_present_or_imported
crafting/arcane_stone_stairs.json,minecraft:crafting_shaped,thaumcraft:arcane_stone_stairs,thaumcraft:stairs_arcane,true,thaumcraft:arcane_stone;thaumcraft:arcane_stone_stairs,thaumcraft:stone_arcane;thaumcraft:stairs_arcane,stairs_arcane.json,already_present_or_imported
crafting/brass_block.json,minecraft:crafting_shaped,thaumcraft:brass_block,thaumcraft:metal_brass,true,thaumcraft:brass_block;thaumcraft:brass_ingot,thaumcraft:metal_brass;thaumcraft:brass_ingot,metal_brass.json,already_present_or_imported
crafting/brass_ingot_to_nuggets.json,minecraft:crafting_shapeless,thaumcraft:brass_nugget,thaumcraft:brass_nugget,false,thaumcraft:brass_ingot;thaumcraft:brass_nugget,thaumcraft:brass_ingot;thaumcraft:brass_nugget,,defer_unregistered_or_unmapped
crafting/brass_ingots_from_block.json,minecraft:crafting_shapeless,thaumcraft:brass_ingot,thaumcraft:brass_ingot,true,thaumcraft:brass_block;thaumcraft:brass_ingot,thaumcraft:metal_brass;thaumcraft:brass_ingot,brass_ingot_from_metal_brass.json;research_bridge/brass_ingot.json,already_present_or_imported
crafting/brass_nuggets_to_ingot.json,minecraft:crafting_shaped,thaumcraft:brass_ingot,thaumcraft:brass_ingot,true,thaumcraft:brass_ingot;thaumcraft:brass_nugget,thaumcraft:brass_ingot;thaumcraft:brass_nugget,brass_ingot_from_metal_brass.json;research_bridge/brass_ingot.json,defer_unregistered_or_unmapped
crafting/candle_white.json,minecraft:crafting_shaped,thaumcraft:candle_white,thaumcraft:candle_white,false,thaumcraft:candle_white;thaumcraft:tallow,thaumcraft:candle_white;thaumcraft:tallow,,defer_unregistered_or_unmapped
crafting/golem_bell.json,minecraft:crafting_shaped,thaumcraft:golem_bell,thaumcraft:golem_bell,false,thaumcraft:golem_bell,thaumcraft:golem_bell,,defer_unregistered_or_unmapped
crafting/greatwood_planks.json,minecraft:crafting_shapeless,thaumcraft:greatwood_planks,thaumcraft:plank_greatwood,true,thaumcraft:greatwood_log;thaumcraft:greatwood_planks,thaumcraft:log_greatwood;thaumcraft:plank_greatwood,plank_greatwood.json,already_present_or_imported
crafting/greatwood_slab.json,minecraft:crafting_shaped,thaumcraft:greatwood_slab,thaumcraft:slab_greatwood,true,thaumcraft:greatwood_planks;thaumcraft:greatwood_slab,thaumcraft:plank_greatwood;thaumcraft:slab_greatwood,slab_greatwood.json,already_present_or_imported
crafting/greatwood_stairs.json,minecraft:crafting_shaped,thaumcraft:greatwood_stairs,thaumcraft:stairs_greatwood,true,thaumcraft:greatwood_planks;thaumcraft:greatwood_stairs,thaumcraft:plank_greatwood;thaumcraft:stairs_greatwood,stairs_greatwood.json,already_present_or_imported
crafting/jar_brace.json,minecraft:crafting_shaped,thaumcraft:jar_brace,thaumcraft:jar_brace,false,thaumcraft:brass_nugget;thaumcraft:jar_brace,thaumcraft:brass_nugget;thaumcraft:jar_brace,,defer_unregistered_or_unmapped
crafting/phial.json,minecraft:crafting_shaped,thaumcraft:phial_empty,thaumcraft:phial_empty,false,thaumcraft:phial_empty,thaumcraft:phial_empty,,defer_unregistered_or_unmapped
crafting/plate_brass.json,minecraft:crafting_shaped,thaumcraft:plate_brass,thaumcraft:brass_plate,true,thaumcraft:brass_ingot;thaumcraft:plate_brass,thaumcraft:brass_ingot;thaumcraft:brass_plate,brassplate.json,already_present_or_imported
crafting/plate_iron.json,minecraft:crafting_shaped,thaumcraft:plate_iron,thaumcraft:iron_plate,true,thaumcraft:plate_iron,thaumcraft:iron_plate,ironplate.json,already_present_or_imported
crafting/plate_thaumium.json,minecraft:crafting_shaped,thaumcraft:plate_thaumium,thaumcraft:thaumium_plate,true,thaumcraft:plate_thaumium;thaumcraft:thaumium_ingot,thaumcraft:thaumium_plate;thaumcraft:thaumium_ingot,thaumiumplate.json,already_present_or_imported
crafting/plate_void.json,minecraft:crafting_shaped,thaumcraft:plate_void,thaumcraft:void_plate,true,thaumcraft:plate_void;thaumcraft:void_metal_ingot,thaumcraft:void_plate;thaumcraft:void_metal_ingot,,defer_unregistered_or_unmapped
crafting/quartz_nuggets_to_quartz.json,minecraft:crafting_shaped,minecraft:quartz,minecraft:quartz,false,thaumcraft:quartz_nugget,thaumcraft:quartz_nugget,ore_quartz_smelting.json,defer_unregistered_or_unmapped
crafting/quartz_to_nuggets.json,minecraft:crafting_shapeless,thaumcraft:quartz_nugget,thaumcraft:quartz_nugget,false,thaumcraft:quartz_nugget,thaumcraft:quartz_nugget,,defer_unregistered_or_unmapped
crafting/quicksilver_nuggets_to_quicksilver.json,minecraft:crafting_shaped,thaumcraft:quicksilver,thaumcraft:quicksilver,true,thaumcraft:quicksilver;thaumcraft:quicksilver_nugget,thaumcraft:quicksilver;thaumcraft:quicksilver_nugget,ore_cinnabar_smelting.json,defer_unregistered_or_unmapped
crafting/quicksilver_to_nuggets.json,minecraft:crafting_shapeless,thaumcraft:quicksilver_nugget,thaumcraft:quicksilver_nugget,false,thaumcraft:quicksilver;thaumcraft:quicksilver_nugget,thaumcraft:quicksilver;thaumcraft:quicksilver_nugget,,defer_unregistered_or_unmapped
crafting/scribing_tools.json,minecraft:crafting_shapeless,thaumcraft:scribing_tools,thaumcraft:scribing_tools,true,thaumcraft:phial_empty;thaumcraft:scribing_tools,thaumcraft:phial_empty;thaumcraft:scribing_tools,scribingtoolscraft2.json;scribingtoolsrefill.json;research_bridge/scribing_tools.json,defer_unregistered_or_unmapped
crafting/scribing_tools_bottle.json,minecraft:crafting_shapeless,thaumcraft:scribing_tools,thaumcraft:scribing_tools,true,thaumcraft:scribing_tools,thaumcraft:scribing_tools,scribingtoolscraft2.json;scribingtoolsrefill.json;research_bridge/scribing_tools.json,already_present_or_imported
crafting/silverwood_planks.json,minecraft:crafting_shapeless,thaumcraft:silverwood_planks,thaumcraft:plank_silverwood,true,thaumcraft:silverwood_log;thaumcraft:silverwood_planks,thaumcraft:log_silverwood;thaumcraft:plank_silverwood,plank_silverwood.json,already_present_or_imported
crafting/silverwood_slab.json,minecraft:crafting_shaped,thaumcraft:silverwood_slab,thaumcraft:slab_silverwood,true,thaumcraft:silverwood_planks;thaumcraft:silverwood_slab,thaumcraft:plank_silverwood;thaumcraft:slab_silverwood,slab_silverwood.json,already_present_or_imported
crafting/silverwood_stairs.json,minecraft:crafting_shaped,thaumcraft:silverwood_stairs,thaumcraft:stairs_silverwood,true,thaumcraft:silverwood_planks;thaumcraft:silverwood_stairs,thaumcraft:plank_silverwood;thaumcraft:stairs_silverwood,stairs_silverwood.json,already_present_or_imported
crafting/table_stone.json,minecraft:crafting_shaped,thaumcraft:table_stone,thaumcraft:table_stone,true,thaumcraft:table_stone,thaumcraft:table_stone,tablestone.json,already_present_or_imported
crafting/table_wood.json,minecraft:crafting_shaped,thaumcraft:table_wood,thaumcraft:table_wood,true,thaumcraft:table_wood,thaumcraft:table_wood,tablewood.json,already_present_or_imported
crafting/thaumium_axe.json,minecraft:crafting_shaped,thaumcraft:thaumium_axe,thaumcraft:thaumium_axe,true,thaumcraft:thaumium_axe;thaumcraft:thaumium_ingot,thaumcraft:thaumium_axe;thaumcraft:thaumium_ingot,thaumium_axe.json,already_present_or_imported
crafting/thaumium_block.json,minecraft:crafting_shaped,thaumcraft:thaumium_block,thaumcraft:metal_thaumium,true,thaumcraft:thaumium_block;thaumcraft:thaumium_ingot,thaumcraft:metal_thaumium;thaumcraft:thaumium_ingot,research_bridge/metal_thaumium.json,already_present_or_imported
crafting/thaumium_boots.json,minecraft:crafting_shaped,thaumcraft:thaumium_boots,thaumcraft:thaumium_boots,false,thaumcraft:thaumium_boots;thaumcraft:thaumium_ingot,thaumcraft:thaumium_boots;thaumcraft:thaumium_ingot,,defer_unregistered_or_unmapped
crafting/thaumium_chest.json,minecraft:crafting_shaped,thaumcraft:thaumium_chest,thaumcraft:thaumium_chest,false,thaumcraft:thaumium_chest;thaumcraft:thaumium_ingot,thaumcraft:thaumium_chest;thaumcraft:thaumium_ingot,,defer_unregistered_or_unmapped
crafting/thaumium_helm.json,minecraft:crafting_shaped,thaumcraft:thaumium_helm,thaumcraft:thaumium_helm,false,thaumcraft:thaumium_helm;thaumcraft:thaumium_ingot,thaumcraft:thaumium_helm;thaumcraft:thaumium_ingot,,defer_unregistered_or_unmapped
crafting/thaumium_hoe.json,minecraft:crafting_shaped,thaumcraft:thaumium_hoe,thaumcraft:thaumium_hoe,true,thaumcraft:thaumium_hoe;thaumcraft:thaumium_ingot,thaumcraft:thaumium_hoe;thaumcraft:thaumium_ingot,thaumium_hoe.json,already_present_or_imported
crafting/thaumium_ingot_to_nuggets.json,minecraft:crafting_shapeless,thaumcraft:thaumium_nugget,thaumcraft:thaumium_nugget,false,thaumcraft:thaumium_ingot;thaumcraft:thaumium_nugget,thaumcraft:thaumium_ingot;thaumcraft:thaumium_nugget,,defer_unregistered_or_unmapped
crafting/thaumium_ingots_from_block.json,minecraft:crafting_shapeless,thaumcraft:thaumium_ingot,thaumcraft:thaumium_ingot,true,thaumcraft:thaumium_block;thaumcraft:thaumium_ingot,thaumcraft:metal_thaumium;thaumcraft:thaumium_ingot,research_bridge/thaumium_ingot.json,already_present_or_imported
crafting/thaumium_legs.json,minecraft:crafting_shaped,thaumcraft:thaumium_legs,thaumcraft:thaumium_legs,false,thaumcraft:thaumium_ingot;thaumcraft:thaumium_legs,thaumcraft:thaumium_ingot;thaumcraft:thaumium_legs,,defer_unregistered_or_unmapped
crafting/thaumium_nuggets_to_ingot.json,minecraft:crafting_shaped,thaumcraft:thaumium_ingot,thaumcraft:thaumium_ingot,true,thaumcraft:thaumium_ingot;thaumcraft:thaumium_nugget,thaumcraft:thaumium_ingot;thaumcraft:thaumium_nugget,research_bridge/thaumium_ingot.json,defer_unregistered_or_unmapped
crafting/thaumium_pick.json,minecraft:crafting_shaped,thaumcraft:thaumium_pick,thaumcraft:thaumium_pick,true,thaumcraft:thaumium_ingot;thaumcraft:thaumium_pick,thaumcraft:thaumium_ingot;thaumcraft:thaumium_pick,thaumium_pick.json,already_present_or_imported
crafting/thaumium_shovel.json,minecraft:crafting_shaped,thaumcraft:thaumium_shovel,thaumcraft:thaumium_shovel,true,thaumcraft:thaumium_ingot;thaumcraft:thaumium_shovel,thaumcraft:thaumium_ingot;thaumcraft:thaumium_shovel,thaumium_shovel.json,already_present_or_imported
crafting/thaumium_sword.json,minecraft:crafting_shaped,thaumcraft:thaumium_sword,thaumcraft:thaumium_sword,true,thaumcraft:thaumium_ingot;thaumcraft:thaumium_sword,thaumcraft:thaumium_ingot;thaumcraft:thaumium_sword,thaumium_sword.json,already_present_or_imported
crafting/void_axe.json,minecraft:crafting_shaped,thaumcraft:void_axe,thaumcraft:void_axe,false,thaumcraft:void_axe;thaumcraft:void_metal_ingot,thaumcraft:void_axe;thaumcraft:void_metal_ingot,,defer_unregistered_or_unmapped
crafting/void_block.json,minecraft:crafting_shaped,thaumcraft:void_metal_block,thaumcraft:metal_void,true,thaumcraft:void_metal_block;thaumcraft:void_metal_ingot,thaumcraft:metal_void;thaumcraft:void_metal_ingot,research_bridge/metal_void.json,defer_unregistered_or_unmapped
crafting/void_boots.json,minecraft:crafting_shaped,thaumcraft:void_boots,thaumcraft:void_boots,false,thaumcraft:void_boots;thaumcraft:void_metal_ingot,thaumcraft:void_boots;thaumcraft:void_metal_ingot,,defer_unregistered_or_unmapped
crafting/void_chest.json,minecraft:crafting_shaped,thaumcraft:void_chest,thaumcraft:void_chest,false,thaumcraft:void_chest;thaumcraft:void_metal_ingot,thaumcraft:void_chest;thaumcraft:void_metal_ingot,,defer_unregistered_or_unmapped
crafting/void_helm.json,minecraft:crafting_shaped,thaumcraft:void_helm,thaumcraft:void_helm,false,thaumcraft:void_helm;thaumcraft:void_metal_ingot,thaumcraft:void_helm;thaumcraft:void_metal_ingot,,defer_unregistered_or_unmapped
crafting/void_hoe.json,minecraft:crafting_shaped,thaumcraft:void_hoe,thaumcraft:void_hoe,false,thaumcraft:void_hoe;thaumcraft:void_metal_ingot,thaumcraft:void_hoe;thaumcraft:void_metal_ingot,,defer_unregistered_or_unmapped
crafting/void_ingot_to_nuggets.json,minecraft:crafting_shapeless,thaumcraft:void_metal_nugget,thaumcraft:void_metal_nugget,false,thaumcraft:void_metal_ingot;thaumcraft:void_metal_nugget,thaumcraft:void_metal_ingot;thaumcraft:void_metal_nugget,,defer_unregistered_or_unmapped
crafting/void_ingots_from_block.json,minecraft:crafting_shapeless,thaumcraft:void_metal_ingot,thaumcraft:void_metal_ingot,false,thaumcraft:void_metal_block;thaumcraft:void_metal_ingot,thaumcraft:metal_void;thaumcraft:void_metal_ingot,,defer_unregistered_or_unmapped
crafting/void_legs.json,minecraft:crafting_shaped,thaumcraft:void_legs,thaumcraft:void_legs,false,thaumcraft:void_legs;thaumcraft:void_metal_ingot,thaumcraft:void_legs;thaumcraft:void_metal_ingot,,defer_unregistered_or_unmapped
crafting/void_nuggets_to_ingot.json,minecraft:crafting_shaped,thaumcraft:void_metal_ingot,thaumcraft:void_metal_ingot,false,thaumcraft:void_metal_ingot;thaumcraft:void_metal_nugget,thaumcraft:void_metal_ingot;thaumcraft:void_metal_nugget,,defer_unregistered_or_unmapped
crafting/void_pick.json,minecraft:crafting_shaped,thaumcraft:void_pick,thaumcraft:void_pick,false,thaumcraft:void_metal_ingot;thaumcraft:void_pick,thaumcraft:void_metal_ingot;thaumcraft:void_pick,,defer_unregistered_or_unmapped
crafting/void_shovel.json,minecraft:crafting_shaped,thaumcraft:void_shovel,thaumcraft:void_shovel,false,thaumcraft:void_metal_ingot;thaumcraft:void_shovel,thaumcraft:void_metal_ingot;thaumcraft:void_shovel,,defer_unregistered_or_unmapped
crafting/void_sword.json,minecraft:crafting_shaped,thaumcraft:void_sword,thaumcraft:void_sword,false,thaumcraft:void_metal_ingot;thaumcraft:void_sword,thaumcraft:void_metal_ingot;thaumcraft:void_sword,,defer_unregistered_or_unmapped
crucible/alumentum.json,thaumcraft:crucible,thaumcraft:alumentum,thaumcraft:alumentum,true,thaumcraft:alumentum;thaumcraft:crucible,thaumcraft:alumentum;thaumcraft:crucible,,defer_until_crucible_serializer
crucible/amber.json,thaumcraft:crucible,thaumcraft:amber,thaumcraft:amber,true,thaumcraft:amber;thaumcraft:crucible,thaumcraft:amber;thaumcraft:crucible,amber_from_block.json;ore_amber_smelting.json,defer_until_crucible_serializer
crucible/balanced_shard.json,thaumcraft:crucible,thaumcraft:balanced_shard,thaumcraft:balanced_shard,false,thaumcraft:balanced_shard;thaumcraft:crucible;thaumcraft:shard_order,thaumcraft:balanced_shard;thaumcraft:crucible;thaumcraft:shard_order,,defer_until_crucible_serializer
crucible/bath_salts.json,thaumcraft:crucible,thaumcraft:bath_salts,thaumcraft:bath_salts,false,thaumcraft:bath_salts;thaumcraft:crucible;thaumcraft:salis_mundus,thaumcraft:bath_salts;thaumcraft:crucible;thaumcraft:salis_mundus,,defer_until_crucible_serializer
crucible/bottle_taint.json,thaumcraft:crucible,thaumcraft:bottle_taint,thaumcraft:bottle_taint,false,thaumcraft:bottle_taint;thaumcraft:crucible;thaumcraft:phial_filled,thaumcraft:bottle_taint;thaumcraft:crucible;thaumcraft:phial_filled,,defer_until_crucible_serializer
crucible/brass_ingot.json,thaumcraft:crucible,thaumcraft:brass_ingot,thaumcraft:brass_ingot,true,thaumcraft:brass_ingot;thaumcraft:crucible,thaumcraft:brass_ingot;thaumcraft:crucible,brass_ingot_from_metal_brass.json;research_bridge/brass_ingot.json,defer_until_crucible_serializer
crucible/cluster_cinnabar.json,thaumcraft:crucible,thaumcraft:cluster_cinnabar,thaumcraft:cluster_cinnabar,false,thaumcraft:cinnabar_ore;thaumcraft:cluster_cinnabar;thaumcraft:crucible,thaumcraft:ore_cinnabar;thaumcraft:cluster_cinnabar;thaumcraft:crucible,,defer_until_crucible_serializer
crucible/cluster_copper.json,thaumcraft:crucible,thaumcraft:cluster_copper,thaumcraft:cluster_copper,false,thaumcraft:cluster_copper;thaumcraft:crucible,thaumcraft:cluster_copper;thaumcraft:crucible,,defer_until_crucible_serializer
crucible/cluster_gold.json,thaumcraft:crucible,thaumcraft:cluster_gold,thaumcraft:cluster_gold,false,thaumcraft:cluster_gold;thaumcraft:crucible,thaumcraft:cluster_gold;thaumcraft:crucible,,defer_until_crucible_serializer
crucible/cluster_iron.json,thaumcraft:crucible,thaumcraft:cluster_iron,thaumcraft:cluster_iron,false,thaumcraft:cluster_iron;thaumcraft:crucible,thaumcraft:cluster_iron;thaumcraft:crucible,,defer_until_crucible_serializer
crucible/everfull_urn.json,thaumcraft:crucible,thaumcraft:everfull_urn,thaumcraft:everfull_urn,false,thaumcraft:crucible;thaumcraft:everfull_urn,thaumcraft:crucible;thaumcraft:everfull_urn,,defer_until_crucible_serializer
crucible/fabric_enchanted.json,thaumcraft:crucible,thaumcraft:enchanted_fabric,thaumcraft:enchanted_fabric,false,thaumcraft:crucible;thaumcraft:enchanted_fabric,thaumcraft:crucible;thaumcraft:enchanted_fabric,,defer_until_crucible_serializer
crucible/focus_basic.json,thaumcraft:crucible,thaumcraft:focus_blank,thaumcraft:focus_blank,false,thaumcraft:crucible;thaumcraft:crystal_order;thaumcraft:focus_blank,thaumcraft:crucible;thaumcraft:crystal_ordo;thaumcraft:focus_blank,,defer_until_crucible_serializer
crucible/hedge_clay.json,thaumcraft:crucible,minecraft:clay_ball,minecraft:clay_ball,false,thaumcraft:crucible;thaumcraft:hedge_transmutation,thaumcraft:crucible;thaumcraft:hedge_transmutation,research_bridge/clay_ball.json,defer_until_crucible_serializer
crucible/hedge_cobweb.json,thaumcraft:crucible,minecraft:cobweb,minecraft:cobweb,false,thaumcraft:crucible;thaumcraft:hedge_transmutation,thaumcraft:crucible;thaumcraft:hedge_transmutation,research_bridge/cobweb.json,defer_until_crucible_serializer
crucible/hedge_dye.json,thaumcraft:crucible,minecraft:red_dye,minecraft:red_dye,false,thaumcraft:crucible,thaumcraft:crucible,,defer_until_crucible_serializer
crucible/hedge_glowstone.json,thaumcraft:crucible,minecraft:glowstone_dust,minecraft:glowstone_dust,false,thaumcraft:crucible;thaumcraft:hedge_duplication,thaumcraft:crucible;thaumcraft:hedge_duplication,research_bridge/glowstone_dust.json,defer_until_crucible_serializer
crucible/hedge_gunpowder.json,thaumcraft:crucible,minecraft:gunpowder,minecraft:gunpowder,false,thaumcraft:crucible;thaumcraft:hedge_duplication,thaumcraft:crucible;thaumcraft:hedge_duplication,research_bridge/gunpowder.json,defer_until_crucible_serializer
crucible/hedge_lava.json,thaumcraft:crucible,minecraft:lava_bucket,minecraft:lava_bucket,false,thaumcraft:crucible;thaumcraft:hedge_transmutation,thaumcraft:crucible;thaumcraft:hedge_transmutation,research_bridge/lava_bucket.json,defer_until_crucible_serializer
crucible/hedge_slime.json,thaumcraft:crucible,minecraft:slime_ball,minecraft:slime_ball,false,thaumcraft:crucible;thaumcraft:hedge_duplication,thaumcraft:crucible;thaumcraft:hedge_duplication,research_bridge/slime_ball.json,defer_until_crucible_serializer
crucible/hedge_string.json,thaumcraft:crucible,minecraft:string,minecraft:string,false,thaumcraft:crucible;thaumcraft:hedge_transmutation,thaumcraft:crucible;thaumcraft:hedge_transmutation,research_bridge/string.json,defer_until_crucible_serializer
crucible/leather.json,thaumcraft:crucible,minecraft:leather,minecraft:leather,false,thaumcraft:crucible,thaumcraft:crucible,research_bridge/leather.json,defer_until_crucible_serializer
crucible/leather_from_flesh.json,thaumcraft:crucible,minecraft:leather,minecraft:leather,false,thaumcraft:crucible,thaumcraft:crucible,research_bridge/leather.json,defer_until_crucible_serializer
crucible/nitor.json,thaumcraft:crucible,thaumcraft:nitor,thaumcraft:nitor,false,thaumcraft:crucible;thaumcraft:nitor,thaumcraft:crucible;thaumcraft:nitor,,defer_until_crucible_serializer
crucible/nitor_yellow.json,thaumcraft:crucible,thaumcraft:nitor_yellow,thaumcraft:nitor_yellow,true,thaumcraft:crucible;thaumcraft:nitor_yellow,thaumcraft:crucible;thaumcraft:nitor_yellow,research_bridge/nitor_yellow.json,defer_until_crucible_serializer
crucible/phial_empty.json,thaumcraft:crucible,thaumcraft:phial_empty,thaumcraft:phial_empty,false,thaumcraft:crucible;thaumcraft:phial_empty,thaumcraft:crucible;thaumcraft:phial_empty,,defer_until_crucible_serializer
crucible/primal_charm.json,thaumcraft:crucible,thaumcraft:primal_charm,thaumcraft:primal_charm,false,thaumcraft:balanced_shard;thaumcraft:crucible;thaumcraft:primal_charm,thaumcraft:balanced_shard;thaumcraft:crucible;thaumcraft:primal_charm,,defer_until_crucible_serializer
crucible/quicksilver.json,thaumcraft:crucible,thaumcraft:quicksilver,thaumcraft:quicksilver,true,thaumcraft:crucible;thaumcraft:quicksilver,thaumcraft:crucible;thaumcraft:quicksilver,ore_cinnabar_smelting.json,defer_until_crucible_serializer
crucible/salis_mundus.json,thaumcraft:crucible,thaumcraft:salis_mundus,thaumcraft:salis_mundus,true,thaumcraft:crucible;thaumcraft:salis_mundus,thaumcraft:crucible;thaumcraft:salis_mundus,,defer_until_crucible_serializer
crucible/sanitizing_soap.json,thaumcraft:crucible,thaumcraft:sanity_soap,thaumcraft:sanity_soap,false,thaumcraft:crucible;thaumcraft:sanity_soap;thaumcraft:tallow,thaumcraft:crucible;thaumcraft:sanity_soap;thaumcraft:tallow,,defer_until_crucible_serializer
crucible/sanity_soap.json,thaumcraft:crucible,thaumcraft:sanity_soap,thaumcraft:sanity_soap,false,thaumcraft:crucible;thaumcraft:flesh_block;thaumcraft:sanity_soap,thaumcraft:crucible;thaumcraft:flesh_block;thaumcraft:sanity_soap,,defer_until_crucible_serializer
crucible/seal_breaker_advanced.json,thaumcraft:crucible,thaumcraft:blank_seal,thaumcraft:blank_seal,false,thaumcraft:blank_seal;thaumcraft:crucible,thaumcraft:blank_seal;thaumcraft:crucible,,defer_until_crucible_serializer
crucible/seal_empty.json,thaumcraft:crucible,thaumcraft:blank_seal,thaumcraft:blank_seal,false,thaumcraft:blank_seal;thaumcraft:crucible,thaumcraft:blank_seal;thaumcraft:crucible,,defer_until_crucible_serializer
crucible/seal_empty_advanced.json,thaumcraft:crucible,thaumcraft:blank_seal,thaumcraft:blank_seal,false,thaumcraft:blank_seal;thaumcraft:crucible,thaumcraft:blank_seal;thaumcraft:crucible,,defer_until_crucible_serializer
crucible/seal_fill.json,thaumcraft:crucible,thaumcraft:blank_seal,thaumcraft:blank_seal,false,thaumcraft:blank_seal;thaumcraft:crucible,thaumcraft:blank_seal;thaumcraft:crucible,,defer_until_crucible_serializer
crucible/seal_fill_advanced.json,thaumcraft:crucible,thaumcraft:blank_seal,thaumcraft:blank_seal,false,thaumcraft:blank_seal;thaumcraft:crucible,thaumcraft:blank_seal;thaumcraft:crucible,,defer_until_crucible_serializer
crucible/seal_guard.json,thaumcraft:crucible,thaumcraft:blank_seal,thaumcraft:blank_seal,false,thaumcraft:blank_seal;thaumcraft:crucible,thaumcraft:blank_seal;thaumcraft:crucible,,defer_until_crucible_serializer
crucible/seal_guard_advanced.json,thaumcraft:crucible,thaumcraft:blank_seal,thaumcraft:blank_seal,false,thaumcraft:blank_seal;thaumcraft:crucible,thaumcraft:blank_seal;thaumcraft:crucible,,defer_until_crucible_serializer
crucible/seal_lumber.json,thaumcraft:crucible,thaumcraft:blank_seal,thaumcraft:blank_seal,false,thaumcraft:blank_seal;thaumcraft:crucible,thaumcraft:blank_seal;thaumcraft:crucible,,defer_until_crucible_serializer
crucible/seal_pickup.json,thaumcraft:crucible,thaumcraft:blank_seal,thaumcraft:blank_seal,false,thaumcraft:blank_seal;thaumcraft:crucible,thaumcraft:blank_seal;thaumcraft:crucible,,defer_until_crucible_serializer
crucible/seal_pickup_advanced.json,thaumcraft:crucible,thaumcraft:blank_seal,thaumcraft:blank_seal,false,thaumcraft:blank_seal;thaumcraft:crucible,thaumcraft:blank_seal;thaumcraft:crucible,,defer_until_crucible_serializer
crucible/seal_provider.json,thaumcraft:crucible,thaumcraft:blank_seal,thaumcraft:blank_seal,false,thaumcraft:blank_seal;thaumcraft:crucible,thaumcraft:blank_seal;thaumcraft:crucible,,defer_until_crucible_serializer
crucible/seal_stock.json,thaumcraft:crucible,thaumcraft:blank_seal,thaumcraft:blank_seal,false,thaumcraft:blank_seal;thaumcraft:crucible,thaumcraft:blank_seal;thaumcraft:crucible,,defer_until_crucible_serializer
crucible/seal_use.json,thaumcraft:crucible,thaumcraft:blank_seal,thaumcraft:blank_seal,false,thaumcraft:blank_seal;thaumcraft:crucible,thaumcraft:blank_seal;thaumcraft:crucible,,defer_until_crucible_serializer
crucible/tallow.json,thaumcraft:crucible,thaumcraft:tallow,thaumcraft:tallow,true,thaumcraft:crucible;thaumcraft:tallow,thaumcraft:crucible;thaumcraft:tallow,research_bridge/tallow.json,defer_until_crucible_serializer
crucible/tallow_candles.json,thaumcraft:crucible,thaumcraft:candle_white,thaumcraft:candle_white,false,thaumcraft:candle_white;thaumcraft:crucible;thaumcraft:tallow,thaumcraft:candle_white;thaumcraft:crucible;thaumcraft:tallow,,defer_until_crucible_serializer
crucible/thaumium_ingot.json,thaumcraft:crucible,thaumcraft:thaumium_ingot,thaumcraft:thaumium_ingot,true,thaumcraft:crucible;thaumcraft:thaumium_ingot,thaumcraft:crucible;thaumcraft:thaumium_ingot,research_bridge/thaumium_ingot.json,defer_until_crucible_serializer
crucible/vis_crystal_aer.json,thaumcraft:crucible,thaumcraft:vis_crystal_air,thaumcraft:vis_crystal_air,false,thaumcraft:crucible;thaumcraft:vis_crystal;thaumcraft:vis_crystal_air,thaumcraft:crucible;thaumcraft:vis_crystal;thaumcraft:vis_crystal_air,,defer_until_crucible_serializer
crucible/vis_crystal_aqua.json,thaumcraft:crucible,thaumcraft:vis_crystal_water,thaumcraft:vis_crystal_water,false,thaumcraft:crucible;thaumcraft:vis_crystal;thaumcraft:vis_crystal_water,thaumcraft:crucible;thaumcraft:vis_crystal;thaumcraft:vis_crystal_water,,defer_until_crucible_serializer
crucible/vis_crystal_ignis.json,thaumcraft:crucible,thaumcraft:vis_crystal_fire,thaumcraft:vis_crystal_fire,false,thaumcraft:crucible;thaumcraft:vis_crystal;thaumcraft:vis_crystal_fire,thaumcraft:crucible;thaumcraft:vis_crystal;thaumcraft:vis_crystal_fire,,defer_until_crucible_serializer
crucible/vis_crystal_ordo.json,thaumcraft:crucible,thaumcraft:vis_crystal_order,thaumcraft:vis_crystal_order,false,thaumcraft:crucible;thaumcraft:vis_crystal;thaumcraft:vis_crystal_order,thaumcraft:crucible;thaumcraft:vis_crystal;thaumcraft:vis_crystal_order,,defer_until_crucible_serializer
crucible/vis_crystal_perditio.json,thaumcraft:crucible,thaumcraft:vis_crystal_entropy,thaumcraft:vis_crystal_entropy,false,thaumcraft:crucible;thaumcraft:vis_crystal;thaumcraft:vis_crystal_entropy,thaumcraft:crucible;thaumcraft:vis_crystal;thaumcraft:vis_crystal_entropy,,defer_until_crucible_serializer
crucible/vis_crystal_terra.json,thaumcraft:crucible,thaumcraft:vis_crystal_earth,thaumcraft:vis_crystal_earth,false,thaumcraft:crucible;thaumcraft:vis_crystal;thaumcraft:vis_crystal_earth,thaumcraft:crucible;thaumcraft:vis_crystal;thaumcraft:vis_crystal_earth,,defer_until_crucible_serializer
crucible/void_ingot.json,thaumcraft:crucible,thaumcraft:void_metal_ingot,thaumcraft:void_metal_ingot,false,thaumcraft:crucible;thaumcraft:void_metal_ingot;thaumcraft:void_seed,thaumcraft:crucible;thaumcraft:void_metal_ingot;thaumcraft:void_seed,,defer_until_crucible_serializer
crucible/void_metal_ingot.json,thaumcraft:crucible,thaumcraft:void_metal_ingot,thaumcraft:void_metal_ingot,false,thaumcraft:crucible;thaumcraft:thaumium_ingot;thaumcraft:void_metal_ingot,thaumcraft:crucible;thaumcraft:thaumium_ingot;thaumcraft:void_metal_ingot,,defer_until_crucible_serializer
crucible/void_seed.json,thaumcraft:crucible,thaumcraft:void_seed,thaumcraft:void_seed,false,thaumcraft:crucible;thaumcraft:flux_crystal;thaumcraft:void_seed,thaumcraft:crucible;thaumcraft:flux_crystal;thaumcraft:void_seed,,defer_until_crucible_serializer
crucible/zombie_brain.json,thaumcraft:crucible,thaumcraft:zombie_brain,thaumcraft:zombie_brain,false,thaumcraft:crucible;thaumcraft:zombie_brain,thaumcraft:crucible;thaumcraft:zombie_brain,,defer_until_crucible_serializer
infusion/arcane_bore.json,thaumcraft:infusion,thaumcraft:turret_placer_bore,thaumcraft:turret_placer_bore,false,thaumcraft:greatwood_planks;thaumcraft:infusion;thaumcraft:mechanism_complex;thaumcraft:morphic_resonator;thaumcraft:nugget_rareearth;thaumcraft:plates/brass;thaumcraft:turret_placer_basic;thaumcraft:turret_placer_bore,thaumcraft:plank_greatwood;thaumcraft:infusion;thaumcraft:mechanism_complex;thaumcraft:morphic_resonator;thaumcraft:nugget_rareearth;thaumcraft:plates/brass;thaumcraft:turret_placer_basic;thaumcraft:turret_placer_bore,,defer_behavior_or_unconfirmed_mapping
infusion/biothaumic_mind.json,thaumcraft:infusion,thaumcraft:brain_curious,thaumcraft:brain_curious,false,thaumcraft:brain_clockwork;thaumcraft:brain_curious;thaumcraft:infusion;thaumcraft:mechanism_complex;thaumcraft:zombie_brain,thaumcraft:brain_clockwork;thaumcraft:brain_curious;thaumcraft:infusion;thaumcraft:mechanism_complex;thaumcraft:zombie_brain,,defer_behavior_or_unconfirmed_mapping
infusion/causality_collapser.json,thaumcraft:infusion,thaumcraft:causality_collapser,thaumcraft:causality_collapser,false,thaumcraft:alumentum;thaumcraft:causality_collapser;thaumcraft:infusion;thaumcraft:morphic_resonator;thaumcraft:nitor;thaumcraft:vis_resonator,thaumcraft:alumentum;thaumcraft:causality_collapser;thaumcraft:infusion;thaumcraft:morphic_resonator;thaumcraft:nitor;thaumcraft:vis_resonator,,defer_behavior_or_unconfirmed_mapping
infusion/charm_undying.json,thaumcraft:infusion,thaumcraft:charm_undying,thaumcraft:charm_undying,false,thaumcraft:charm_undying;thaumcraft:infusion;thaumcraft:shard_order;thaumcraft:void_seed,thaumcraft:charm_undying;thaumcraft:infusion;thaumcraft:shard_order;thaumcraft:void_seed,,defer_behavior_or_unconfirmed_mapping
infusion/cloud_ring.json,thaumcraft:infusion,thaumcraft:cloud_ring,thaumcraft:cloud_ring,false,thaumcraft:cloud_ring;thaumcraft:crystal_essence;thaumcraft:infusion,thaumcraft:cloud_ring;thaumcraft:crystal_essence;thaumcraft:infusion,,defer_behavior_or_unconfirmed_mapping
infusion/crystal_cluster_air.json,thaumcraft:infusion,thaumcraft:crystal_air,thaumcraft:crystal_aer,true,thaumcraft:crystal_air;thaumcraft:infusion;thaumcraft:salis_mundus;thaumcraft:vis_crystal,thaumcraft:crystal_aer;thaumcraft:infusion;thaumcraft:salis_mundus;thaumcraft:vis_crystal,,defer_behavior_or_unconfirmed_mapping
infusion/crystal_cluster_earth.json,thaumcraft:infusion,thaumcraft:crystal_earth,thaumcraft:crystal_terra,true,thaumcraft:crystal_earth;thaumcraft:infusion;thaumcraft:salis_mundus;thaumcraft:vis_crystal,thaumcraft:crystal_terra;thaumcraft:infusion;thaumcraft:salis_mundus;thaumcraft:vis_crystal,,defer_behavior_or_unconfirmed_mapping
infusion/crystal_cluster_entropy.json,thaumcraft:infusion,thaumcraft:crystal_entropy,thaumcraft:crystal_perditio,true,thaumcraft:crystal_entropy;thaumcraft:infusion;thaumcraft:salis_mundus;thaumcraft:vis_crystal,thaumcraft:crystal_perditio;thaumcraft:infusion;thaumcraft:salis_mundus;thaumcraft:vis_crystal,,defer_behavior_or_unconfirmed_mapping
infusion/crystal_cluster_fire.json,thaumcraft:infusion,thaumcraft:crystal_fire,thaumcraft:crystal_ignis,true,thaumcraft:crystal_fire;thaumcraft:infusion;thaumcraft:salis_mundus;thaumcraft:vis_crystal,thaumcraft:crystal_ignis;thaumcraft:infusion;thaumcraft:salis_mundus;thaumcraft:vis_crystal,,defer_behavior_or_unconfirmed_mapping
infusion/crystal_cluster_flux.json,thaumcraft:infusion,thaumcraft:crystal_flux,thaumcraft:crystal_vitium,true,thaumcraft:crystal_flux;thaumcraft:infusion;thaumcraft:salis_mundus;thaumcraft:vis_crystal,thaumcraft:crystal_vitium;thaumcraft:infusion;thaumcraft:salis_mundus;thaumcraft:vis_crystal,,defer_behavior_or_unconfirmed_mapping
infusion/crystal_cluster_order.json,thaumcraft:infusion,thaumcraft:crystal_order,thaumcraft:crystal_ordo,true,thaumcraft:crystal_order;thaumcraft:infusion;thaumcraft:salis_mundus;thaumcraft:vis_crystal,thaumcraft:crystal_ordo;thaumcraft:infusion;thaumcraft:salis_mundus;thaumcraft:vis_crystal,,defer_behavior_or_unconfirmed_mapping
infusion/crystal_cluster_water.json,thaumcraft:infusion,thaumcraft:crystal_water,thaumcraft:crystal_aqua,true,thaumcraft:crystal_water;thaumcraft:infusion;thaumcraft:salis_mundus;thaumcraft:vis_crystal,thaumcraft:crystal_aqua;thaumcraft:infusion;thaumcraft:salis_mundus;thaumcraft:vis_crystal,,defer_behavior_or_unconfirmed_mapping
infusion/curiosity_band.json,thaumcraft:infusion,thaumcraft:curiosity_band,thaumcraft:curiosity_band,false,thaumcraft:curiosity_band;thaumcraft:infusion,thaumcraft:curiosity_band;thaumcraft:infusion,,defer_behavior_or_unconfirmed_mapping
infusion/elemental_axe.json,thaumcraft:infusion,thaumcraft:elemental_axe,thaumcraft:elemental_axe,false,thaumcraft:elemental_axe;thaumcraft:infusion;thaumcraft:shard_air;thaumcraft:shard_fire;thaumcraft:thaumium_axe,thaumcraft:elemental_axe;thaumcraft:infusion;thaumcraft:shard_air;thaumcraft:shard_fire;thaumcraft:thaumium_axe,,defer_behavior_or_unconfirmed_mapping
infusion/elemental_hoe.json,thaumcraft:infusion,thaumcraft:elemental_hoe,thaumcraft:elemental_hoe,false,thaumcraft:elemental_hoe;thaumcraft:infusion;thaumcraft:shard_earth;thaumcraft:shard_water;thaumcraft:thaumium_hoe,thaumcraft:elemental_hoe;thaumcraft:infusion;thaumcraft:shard_earth;thaumcraft:shard_water;thaumcraft:thaumium_hoe,,defer_behavior_or_unconfirmed_mapping
infusion/elemental_pick.json,thaumcraft:infusion,thaumcraft:elemental_pick,thaumcraft:elemental_pick,false,thaumcraft:elemental_pick;thaumcraft:infusion;thaumcraft:shard_earth;thaumcraft:shard_fire;thaumcraft:thaumium_pick,thaumcraft:elemental_pick;thaumcraft:infusion;thaumcraft:shard_earth;thaumcraft:shard_fire;thaumcraft:thaumium_pick,,defer_behavior_or_unconfirmed_mapping
infusion/elemental_shovel.json,thaumcraft:infusion,thaumcraft:elemental_shovel,thaumcraft:elemental_shovel,false,thaumcraft:elemental_shovel;thaumcraft:infusion;thaumcraft:shard_earth;thaumcraft:shard_order;thaumcraft:thaumium_shovel,thaumcraft:elemental_shovel;thaumcraft:infusion;thaumcraft:shard_earth;thaumcraft:shard_order;thaumcraft:thaumium_shovel,,defer_behavior_or_unconfirmed_mapping
infusion/elemental_sword.json,thaumcraft:infusion,thaumcraft:elemental_sword,thaumcraft:elemental_sword,false,thaumcraft:elemental_sword;thaumcraft:infusion;thaumcraft:shard_entropy;thaumcraft:shard_fire;thaumcraft:thaumium_sword,thaumcraft:elemental_sword;thaumcraft:infusion;thaumcraft:shard_entropy;thaumcraft:shard_fire;thaumcraft:thaumium_sword,,defer_behavior_or_unconfirmed_mapping
infusion/focus_advanced.json,thaumcraft:infusion,thaumcraft:focus_advanced,thaumcraft:focus_2,true,thaumcraft:focus_advanced;thaumcraft:focus_blank;thaumcraft:infusion;thaumcraft:quicksilver,thaumcraft:focus_2;thaumcraft:focus_1;thaumcraft:infusion;thaumcraft:quicksilver,infusion/focus_2.json,imported_legacy_corrected
infusion/focus_greater.json,thaumcraft:infusion,thaumcraft:focus_advanced,thaumcraft:focus_3,true,thaumcraft:focus_advanced;thaumcraft:infusion;thaumcraft:primordial_pearl;thaumcraft:quicksilver,thaumcraft:focus_3;thaumcraft:focus_2;thaumcraft:infusion;thaumcraft:primordial_pearl;thaumcraft:quicksilver,infusion/focus_3.json,imported_legacy_corrected
infusion/fortress_chest.json,thaumcraft:infusion,thaumcraft:fortress_chest,thaumcraft:fortress_chest,false,thaumcraft:fortress_chest;thaumcraft:infusion;thaumcraft:plate_thaumium;thaumcraft:thaumium_chest,thaumcraft:fortress_chest;thaumcraft:infusion;thaumcraft:thaumium_plate;thaumcraft:thaumium_chest,,defer_behavior_or_unconfirmed_mapping
infusion/fortress_helm.json,thaumcraft:infusion,thaumcraft:fortress_helm,thaumcraft:fortress_helm,false,thaumcraft:fortress_helm;thaumcraft:infusion;thaumcraft:plate_thaumium;thaumcraft:thaumium_helm,thaumcraft:fortress_helm;thaumcraft:infusion;thaumcraft:thaumium_plate;thaumcraft:thaumium_helm,,defer_behavior_or_unconfirmed_mapping
infusion/fortress_legs.json,thaumcraft:infusion,thaumcraft:fortress_legs,thaumcraft:fortress_legs,false,thaumcraft:fortress_legs;thaumcraft:infusion;thaumcraft:plate_thaumium;thaumcraft:thaumium_legs,thaumcraft:fortress_legs;thaumcraft:infusion;thaumcraft:thaumium_plate;thaumcraft:thaumium_legs,,defer_behavior_or_unconfirmed_mapping
infusion/goggles_revealing.json,thaumcraft:infusion,thaumcraft:goggles,thaumcraft:goggles,true,thaumcraft:goggles;thaumcraft:infusion;thaumcraft:salis_mundus;thaumcraft:thaumometer,thaumcraft:goggles;thaumcraft:infusion;thaumcraft:salis_mundus;thaumcraft:thaumometer,goggles.json,defer_behavior_or_unconfirmed_mapping
infusion/golem_module_aggression.json,thaumcraft:infusion,thaumcraft:golem_module_aggression,thaumcraft:golem_module_aggression,false,thaumcraft:brain_clockwork;thaumcraft:golem_module_aggression;thaumcraft:infusion;thaumcraft:quicksilver,thaumcraft:brain_clockwork;thaumcraft:golem_module_aggression;thaumcraft:infusion;thaumcraft:quicksilver,,defer_behavior_or_unconfirmed_mapping
infusion/golem_module_vision.json,thaumcraft:infusion,thaumcraft:golem_module_vision,thaumcraft:golem_module_vision,false,thaumcraft:amber;thaumcraft:brain_clockwork;thaumcraft:golem_module_vision;thaumcraft:infusion;thaumcraft:quicksilver,thaumcraft:amber;thaumcraft:brain_clockwork;thaumcraft:golem_module_vision;thaumcraft:infusion;thaumcraft:quicksilver,,defer_behavior_or_unconfirmed_mapping
infusion/grapple_gun.json,thaumcraft:infusion,thaumcraft:grapple_gun,thaumcraft:grapple_gun,false,thaumcraft:grapple_gun;thaumcraft:infusion;thaumcraft:mechanism_complex;thaumcraft:shard_air,thaumcraft:grapple_gun;thaumcraft:infusion;thaumcraft:mechanism_complex;thaumcraft:shard_air,,defer_behavior_or_unconfirmed_mapping
infusion/hand_mirror.json,thaumcraft:infusion,thaumcraft:hand_mirror,thaumcraft:hand_mirror,false,thaumcraft:hand_mirror;thaumcraft:infusion;thaumcraft:mirror_item,thaumcraft:hand_mirror;thaumcraft:infusion;thaumcraft:mirror_item,,defer_behavior_or_unconfirmed_mapping
infusion/infernal_furnace.json,thaumcraft:infusion,thaumcraft:infernal_furnace,thaumcraft:infernal_furnace,false,thaumcraft:infernal_furnace;thaumcraft:infusion;thaumcraft:shard_fire,thaumcraft:infernal_furnace;thaumcraft:infusion;thaumcraft:shard_fire,,defer_behavior_or_unconfirmed_mapping
infusion/jar_brain.json,thaumcraft:infusion,thaumcraft:jar_brain,thaumcraft:jar_brain,false,thaumcraft:infusion;thaumcraft:jar_brain;thaumcraft:jar_normal;thaumcraft:zombie_brain,thaumcraft:infusion;thaumcraft:jar_brain;thaumcraft:jar_normal;thaumcraft:zombie_brain,,defer_behavior_or_unconfirmed_mapping
infusion/lamp_fertility.json,thaumcraft:infusion,thaumcraft:lamp_fertility,thaumcraft:lamp_fertility,false,thaumcraft:crystal_essence;thaumcraft:infusion;thaumcraft:lamp_arcane;thaumcraft:lamp_fertility,thaumcraft:crystal_essence;thaumcraft:infusion;thaumcraft:lamp_arcane;thaumcraft:lamp_fertility,,defer_behavior_or_unconfirmed_mapping
infusion/lamp_growth.json,thaumcraft:infusion,thaumcraft:lamp_growth,thaumcraft:lamp_growth,false,thaumcraft:crystal_essence;thaumcraft:infusion;thaumcraft:lamp_arcane;thaumcraft:lamp_growth,thaumcraft:crystal_essence;thaumcraft:infusion;thaumcraft:lamp_arcane;thaumcraft:lamp_growth,,defer_behavior_or_unconfirmed_mapping
infusion/mirror.json,thaumcraft:infusion,thaumcraft:mirror_item,thaumcraft:mirror_item,false,thaumcraft:infusion;thaumcraft:mirror_item;thaumcraft:mirrored_glass,thaumcraft:infusion;thaumcraft:mirror_item;thaumcraft:mirrored_glass,,defer_behavior_or_unconfirmed_mapping
infusion/mirror_essentia.json,thaumcraft:infusion,thaumcraft:mirror_essentia,thaumcraft:mirror_essentia,false,thaumcraft:infusion;thaumcraft:mirror_essentia;thaumcraft:mirrored_glass,thaumcraft:infusion;thaumcraft:mirror_essentia;thaumcraft:mirrored_glass,,defer_behavior_or_unconfirmed_mapping
infusion/primal_crusher.json,thaumcraft:infusion,thaumcraft:primal_crusher,thaumcraft:primal_crusher,false,thaumcraft:balanced_shard;thaumcraft:elemental_pick;thaumcraft:infusion;thaumcraft:primal_crusher;thaumcraft:primordial_pearl;thaumcraft:void_metal_ingot,thaumcraft:balanced_shard;thaumcraft:elemental_pick;thaumcraft:infusion;thaumcraft:primal_crusher;thaumcraft:primordial_pearl;thaumcraft:void_metal_ingot,,defer_behavior_or_unconfirmed_mapping
infusion/seal_breaker.json,thaumcraft:infusion,thaumcraft:blank_seal,thaumcraft:blank_seal,false,thaumcraft:blank_seal;thaumcraft:infusion,thaumcraft:blank_seal;thaumcraft:infusion,,defer_behavior_or_unconfirmed_mapping
infusion/seal_butcher.json,thaumcraft:infusion,thaumcraft:blank_seal,thaumcraft:blank_seal,false,thaumcraft:blank_seal;thaumcraft:infusion,thaumcraft:blank_seal;thaumcraft:infusion,,defer_behavior_or_unconfirmed_mapping
infusion/seal_harvest.json,thaumcraft:infusion,thaumcraft:blank_seal,thaumcraft:blank_seal,false,thaumcraft:blank_seal;thaumcraft:infusion,thaumcraft:blank_seal;thaumcraft:infusion,,defer_behavior_or_unconfirmed_mapping
infusion/stabilizer.json,thaumcraft:infusion,thaumcraft:stabilizer,thaumcraft:stabilizer,false,thaumcraft:infusion;thaumcraft:pedestal_arcane;thaumcraft:shard_order;thaumcraft:stabilizer,thaumcraft:infusion;thaumcraft:pedestal_arcane;thaumcraft:shard_order;thaumcraft:stabilizer,,defer_behavior_or_unconfirmed_mapping
infusion/thaumium_boots.json,thaumcraft:infusion,thaumcraft:thaumium_boots,thaumcraft:thaumium_boots,false,thaumcraft:infusion;thaumcraft:thaumium_boots;thaumcraft:thaumium_ingot,thaumcraft:infusion;thaumcraft:thaumium_boots;thaumcraft:thaumium_ingot,,defer_behavior_or_unconfirmed_mapping
infusion/thaumium_chest.json,thaumcraft:infusion,thaumcraft:thaumium_chest,thaumcraft:thaumium_chest,false,thaumcraft:infusion;thaumcraft:thaumium_chest;thaumcraft:thaumium_ingot,thaumcraft:infusion;thaumcraft:thaumium_chest;thaumcraft:thaumium_ingot,,defer_behavior_or_unconfirmed_mapping
infusion/thaumium_helm.json,thaumcraft:infusion,thaumcraft:thaumium_helm,thaumcraft:thaumium_helm,false,thaumcraft:infusion;thaumcraft:thaumium_helm;thaumcraft:thaumium_ingot,thaumcraft:infusion;thaumcraft:thaumium_helm;thaumcraft:thaumium_ingot,,defer_behavior_or_unconfirmed_mapping
infusion/thaumium_legs.json,thaumcraft:infusion,thaumcraft:thaumium_legs,thaumcraft:thaumium_legs,false,thaumcraft:infusion;thaumcraft:thaumium_ingot;thaumcraft:thaumium_legs,thaumcraft:infusion;thaumcraft:thaumium_ingot;thaumcraft:thaumium_legs,,defer_behavior_or_unconfirmed_mapping
infusion/thaumium_sword.json,thaumcraft:infusion,thaumcraft:thaumium_sword,thaumcraft:thaumium_sword,true,thaumcraft:infusion;thaumcraft:quicksilver;thaumcraft:thaumium_ingot;thaumcraft:thaumium_sword,thaumcraft:infusion;thaumcraft:quicksilver;thaumcraft:thaumium_ingot;thaumcraft:thaumium_sword,thaumium_sword.json,defer_behavior_or_unconfirmed_mapping
infusion/traveller_boots.json,thaumcraft:infusion,thaumcraft:traveller_boots,thaumcraft:traveller_boots,false,thaumcraft:enchanted_fabric;thaumcraft:infusion;thaumcraft:thaumium_boots;thaumcraft:traveller_boots,thaumcraft:enchanted_fabric;thaumcraft:infusion;thaumcraft:thaumium_boots;thaumcraft:traveller_boots,,defer_behavior_or_unconfirmed_mapping
infusion/verdant_charm.json,thaumcraft:infusion,thaumcraft:verdant_charm,thaumcraft:verdant_charm,false,thaumcraft:infusion;thaumcraft:shard_earth;thaumcraft:shard_water;thaumcraft:verdant_charm,thaumcraft:infusion;thaumcraft:shard_earth;thaumcraft:shard_water;thaumcraft:verdant_charm,,defer_behavior_or_unconfirmed_mapping
infusion/vis_amulet.json,thaumcraft:infusion,thaumcraft:amulet_vis_crafted,thaumcraft:amulet_vis_crafted,false,thaumcraft:amulet_vis_crafted;thaumcraft:crystal_essence;thaumcraft:infusion;thaumcraft:vis_resonator,thaumcraft:amulet_vis_crafted;thaumcraft:crystal_essence;thaumcraft:infusion;thaumcraft:vis_resonator,,defer_behavior_or_unconfirmed_mapping
infusion/vis_generator.json,thaumcraft:infusion,thaumcraft:vis_generator,thaumcraft:vis_generator,false,thaumcraft:balanced_shard;thaumcraft:infusion;thaumcraft:thaumium_ingot;thaumcraft:vis_generator;thaumcraft:vis_resonator,thaumcraft:balanced_shard;thaumcraft:infusion;thaumcraft:thaumium_ingot;thaumcraft:vis_generator;thaumcraft:vis_resonator,,defer_behavior_or_unconfirmed_mapping
infusion/void_axe.json,thaumcraft:infusion,thaumcraft:void_axe,thaumcraft:void_axe,false,thaumcraft:infusion;thaumcraft:thaumium_axe;thaumcraft:void_axe;thaumcraft:void_metal_ingot;thaumcraft:void_seed,thaumcraft:infusion;thaumcraft:thaumium_axe;thaumcraft:void_axe;thaumcraft:void_metal_ingot;thaumcraft:void_seed,,defer_behavior_or_unconfirmed_mapping
infusion/void_boots.json,thaumcraft:infusion,thaumcraft:void_boots,thaumcraft:void_boots,false,thaumcraft:infusion;thaumcraft:thaumium_boots;thaumcraft:void_boots;thaumcraft:void_metal_ingot;thaumcraft:void_seed,thaumcraft:infusion;thaumcraft:thaumium_boots;thaumcraft:void_boots;thaumcraft:void_metal_ingot;thaumcraft:void_seed,,defer_behavior_or_unconfirmed_mapping
infusion/void_chest.json,thaumcraft:infusion,thaumcraft:void_chest,thaumcraft:void_chest,false,thaumcraft:infusion;thaumcraft:thaumium_chest;thaumcraft:void_chest;thaumcraft:void_metal_ingot;thaumcraft:void_seed,thaumcraft:infusion;thaumcraft:thaumium_chest;thaumcraft:void_chest;thaumcraft:void_metal_ingot;thaumcraft:void_seed,,defer_behavior_or_unconfirmed_mapping
infusion/void_helm.json,thaumcraft:infusion,thaumcraft:void_helm,thaumcraft:void_helm,false,thaumcraft:infusion;thaumcraft:thaumium_helm;thaumcraft:void_helm;thaumcraft:void_metal_ingot;thaumcraft:void_seed,thaumcraft:infusion;thaumcraft:thaumium_helm;thaumcraft:void_helm;thaumcraft:void_metal_ingot;thaumcraft:void_seed,,defer_behavior_or_unconfirmed_mapping
infusion/void_hoe.json,thaumcraft:infusion,thaumcraft:void_hoe,thaumcraft:void_hoe,false,thaumcraft:infusion;thaumcraft:thaumium_hoe;thaumcraft:void_hoe;thaumcraft:void_metal_ingot;thaumcraft:void_seed,thaumcraft:infusion;thaumcraft:thaumium_hoe;thaumcraft:void_hoe;thaumcraft:void_metal_ingot;thaumcraft:void_seed,,defer_behavior_or_unconfirmed_mapping
infusion/void_legs.json,thaumcraft:infusion,thaumcraft:void_legs,thaumcraft:void_legs,false,thaumcraft:infusion;thaumcraft:thaumium_legs;thaumcraft:void_legs;thaumcraft:void_metal_ingot;thaumcraft:void_seed,thaumcraft:infusion;thaumcraft:thaumium_legs;thaumcraft:void_legs;thaumcraft:void_metal_ingot;thaumcraft:void_seed,,defer_behavior_or_unconfirmed_mapping
infusion/void_pick.json,thaumcraft:infusion,thaumcraft:void_pick,thaumcraft:void_pick,false,thaumcraft:infusion;thaumcraft:thaumium_pick;thaumcraft:void_metal_ingot;thaumcraft:void_pick;thaumcraft:void_seed,thaumcraft:infusion;thaumcraft:thaumium_pick;thaumcraft:void_metal_ingot;thaumcraft:void_pick;thaumcraft:void_seed,,defer_behavior_or_unconfirmed_mapping
infusion/void_robe_chest.json,thaumcraft:infusion,thaumcraft:void_robe_chest,thaumcraft:void_robe_chest,false,thaumcraft:enchanted_fabric;thaumcraft:infusion;thaumcraft:void_chest;thaumcraft:void_robe_chest;thaumcraft:void_seed,thaumcraft:enchanted_fabric;thaumcraft:infusion;thaumcraft:void_chest;thaumcraft:void_robe_chest;thaumcraft:void_seed,,defer_behavior_or_unconfirmed_mapping
infusion/void_robe_helm.json,thaumcraft:infusion,thaumcraft:void_robe_helm,thaumcraft:void_robe_helm,false,thaumcraft:enchanted_fabric;thaumcraft:infusion;thaumcraft:void_helm;thaumcraft:void_robe_helm;thaumcraft:void_seed,thaumcraft:enchanted_fabric;thaumcraft:infusion;thaumcraft:void_helm;thaumcraft:void_robe_helm;thaumcraft:void_seed,,defer_behavior_or_unconfirmed_mapping
infusion/void_robe_legs.json,thaumcraft:infusion,thaumcraft:void_robe_legs,thaumcraft:void_robe_legs,false,thaumcraft:enchanted_fabric;thaumcraft:infusion;thaumcraft:void_legs;thaumcraft:void_robe_legs;thaumcraft:void_seed,thaumcraft:enchanted_fabric;thaumcraft:infusion;thaumcraft:void_legs;thaumcraft:void_robe_legs;thaumcraft:void_seed,,defer_behavior_or_unconfirmed_mapping
infusion/void_shovel.json,thaumcraft:infusion,thaumcraft:void_shovel,thaumcraft:void_shovel,false,thaumcraft:infusion;thaumcraft:thaumium_shovel;thaumcraft:void_metal_ingot;thaumcraft:void_seed;thaumcraft:void_shovel,thaumcraft:infusion;thaumcraft:thaumium_shovel;thaumcraft:void_metal_ingot;thaumcraft:void_seed;thaumcraft:void_shovel,,defer_behavior_or_unconfirmed_mapping
infusion/void_siphon.json,thaumcraft:infusion,thaumcraft:void_siphon,thaumcraft:void_siphon,false,thaumcraft:arcane_stone;thaumcraft:infusion;thaumcraft:mechanism_complex;thaumcraft:plate_brass;thaumcraft:void_metal_block;thaumcraft:void_siphon,thaumcraft:stone_arcane;thaumcraft:infusion;thaumcraft:mechanism_complex;thaumcraft:brass_plate;thaumcraft:metal_void;thaumcraft:void_siphon,,defer_behavior_or_unconfirmed_mapping
infusion/void_sword.json,thaumcraft:infusion,thaumcraft:void_sword,thaumcraft:void_sword,false,thaumcraft:infusion;thaumcraft:thaumium_sword;thaumcraft:void_metal_ingot;thaumcraft:void_seed;thaumcraft:void_sword,thaumcraft:infusion;thaumcraft:thaumium_sword;thaumcraft:void_metal_ingot;thaumcraft:void_seed;thaumcraft:void_sword,,defer_behavior_or_unconfirmed_mapping
infusion/voidseer_charm.json,thaumcraft:infusion,thaumcraft:voidseer_charm,thaumcraft:voidseer_charm,false,thaumcraft:infusion;thaumcraft:shard_entropy;thaumcraft:void_seed;thaumcraft:voidseer_charm,thaumcraft:infusion;thaumcraft:shard_entropy;thaumcraft:void_seed;thaumcraft:voidseer_charm,,defer_behavior_or_unconfirmed_mapping
smelting/log_greatwood.json,minecraft:smelting,minecraft:charcoal,minecraft:charcoal,false,thaumcraft:greatwood_log,thaumcraft:log_greatwood,log_greatwood_charcoal.json;log_silverwood_charcoal.json,already_present_or_imported
smelting/log_silverwood.json,minecraft:smelting,minecraft:charcoal,minecraft:charcoal,false,thaumcraft:silverwood_log,thaumcraft:log_silverwood,log_greatwood_charcoal.json;log_silverwood_charcoal.json,already_present_or_imported
smelting/ore_amber.json,minecraft:smelting,thaumcraft:amber,thaumcraft:amber,true,thaumcraft:amber;thaumcraft:amber_ore,thaumcraft:amber;thaumcraft:ore_amber,amber_from_block.json;ore_amber_smelting.json,already_present_or_imported
smelting/ore_amber_deepslate.json,minecraft:smelting,thaumcraft:amber,thaumcraft:amber,true,thaumcraft:amber;thaumcraft:deepslate_amber_ore,thaumcraft:amber;thaumcraft:deepslate_amber_ore,amber_from_block.json;ore_amber_smelting.json,defer_unregistered_or_unmapped
smelting/ore_cinnabar.json,minecraft:smelting,thaumcraft:quicksilver,thaumcraft:quicksilver,true,thaumcraft:cinnabar_ore;thaumcraft:quicksilver,thaumcraft:ore_cinnabar;thaumcraft:quicksilver,ore_cinnabar_smelting.json,already_present_or_imported
smelting/ore_cinnabar_deepslate.json,minecraft:smelting,thaumcraft:quicksilver,thaumcraft:quicksilver,true,thaumcraft:deepslate_cinnabar_ore;thaumcraft:quicksilver,thaumcraft:deepslate_cinnabar_ore;thaumcraft:quicksilver,ore_cinnabar_smelting.json,defer_unregistered_or_unmapped
smelting/ore_quartz.json,minecraft:smelting,minecraft:quartz,minecraft:quartz,false,thaumcraft:quartz_ore,thaumcraft:ore_quartz,ore_quartz_smelting.json,already_present_or_imported
smelting/ore_quartz_deepslate.json,minecraft:smelting,minecraft:quartz,minecraft:quartz,false,thaumcraft:deepslate_quartz_ore,thaumcraft:deepslate_quartz_ore,ore_quartz_smelting.json,defer_unregistered_or_unmapped
